id,Title,Content,Excerpt
1249,Water Leak Repair,"<h2>Water Leak Repair Services in Tampa, FL</h2>
<p>When an unexpected plumbing leak threatens your property, professional <strong>water leak repair</strong> is your first line of defense. In the humid climate of the Greater Tampa Bay area, even a minor leak can rapidly escalate into severe water damage, structural deterioration, and hazardous mold growth. Serving Hillsborough, Pinellas, and Pasco counties, Hot Water Heroes Plumbing provides immediate, premium leak repair services to secure your home and restore your peace of mind.</p>

<!-- wp:paragraph -->
<p>Whether you’re dealing with a visible dripping fixture, a ceiling stain, or suspect a hidden slab leak beneath your concrete foundation, our licensed technicians combine cutting-edge diagnostics with permanent repair solutions. We prioritize quick response times, upfront flat-rate pricing, and honest advice to make your plumbing repair as stress-free as possible.</p>
<!-- /wp:paragraph -->

<!-- wp:separator -->
<hr class=""wp-block-separator has-alpha-channel-opacity""/>
<!-- /wp:separator -->

<!-- wp:heading -->
<h2 class=""wp-block-heading"">Why Tampa Homes Need Water Leak Repair</h2>
<!-- /wp:heading -->

<!-- wp:paragraph -->
<p>Tampa Bay’s environmental factors and geological conditions make local plumbing systems highly susceptible to water leaks. High humidity levels mean that a leak trapped behind drywall won’t easily dry out, accelerating wood rot and creating the perfect breeding ground for toxic black mold. Additionally, the shifting sandy soils in Hillsborough and Pinellas counties can cause concrete slabs to settle, placing severe stress on copper plumbing buried beneath the foundation and leading to dangerous slab leaks.</p>
<!-- /wp:paragraph -->

<p>Common water leak concerns in Tampa homes include:</p>
<!-- wp:list -->
<ul class=""wp-block-list"">
<!-- wp:list-item -->
<li>High humidity levels preventing moisture from drying, leading to rapid mold growth.</li>
<!-- /wp:list-item -->
<!-- wp:list-item -->
<li>Limestone and mineral deposits in city water corroding copper pipes from the inside out.</li>
<!-- /wp:list-item -->
<!-- wp:list-item -->
<li>Shifting sandy soil beneath foundations leading to cracked pipes and slab leaks.</li>
<!-- /wp:list-item -->
<!-- wp:list-item -->
<li>Rapidly climbing water utility bills due to silent, undetected underground leaks.</li>
<!-- /wp:list-item -->
<!-- wp:list-item -->
<li>Drywall, cabinetry, and structural framing deterioration from slow, hidden drips.</li>
<!-- /wp:list-item -->
</ul>
<!-- /wp:list -->

<!-- wp:paragraph -->
<p>Addressing water leaks immediately protects your family’s health, prevents catastrophic structural collapses, and keeps your monthly water utility bills under control.</p>
<!-- /wp:paragraph -->

<!-- wp:separator -->
<hr class=""wp-block-separator has-alpha-channel-opacity""/>
<!-- /wp:separator -->

<!-- wp:heading -->
<h2 class=""wp-block-heading"">Types of Leak Repair Services We Provide</h2>
<!-- /wp:heading -->

<!-- wp:paragraph -->
<p>Not every plumbing leak is the same. Our licensed technicians evaluate your home's layout and system configuration to recommend the most effective and non-invasive repair approach. We specialize in the following leak repair services in Tampa:</p>
<!-- /wp:paragraph -->

<!-- wp:list -->
<ul class=""wp-block-list"">
<!-- wp:list-item -->
<li><strong>Fixture and Valve Repairs:</strong> Fixing or replacing leaking faucets, running toilets, corroded shutoff valves, and laundry box valves.</li>
<!-- /wp:list-item -->
<!-- wp:list-item -->
<li><strong>Ceiling and Wall Pipe Repairs:</strong> Locating and replacing compromised water lines (copper, PEX, CPVC) hidden inside your walls or ceiling cavities.</li>
<!-- /wp:list-item -->
<!-- wp:list-item -->
<li><strong>Underground and Slab Leak Repairs:</strong> Precision tunneling or line rerouting to bypass and replace leaking pipes buried beneath your concrete slab foundation.</li>
<!-- /wp:list-item -->
<!-- wp:list-item -->
<li><strong>Electronic Leak Locating:</strong> Using thermal cameras and acoustic ground microphones to pinpoint hidden leaks without destructive drilling or wall demolition.</li>
<!-- /wp:list-item -->
</ul>
<!-- /wp:list -->

<!-- wp:paragraph -->
<p>Each repair is performed using premium, industry-certified fittings and materials to ensure a permanent fix backed by solid warranties.</p>
<!-- /wp:paragraph -->

<!-- wp:separator -->
<hr class=""wp-block-separator has-alpha-channel-opacity""/>
<!-- /wp:separator -->

<!-- wp:heading -->
<h2 class=""wp-block-heading"">How Leak Repair Protects Your Home</h2>
<!-- /wp:heading -->

<!-- wp:paragraph -->
<p>Leak repair isn’t just about stopping a drip—it is about preserving your home's structural integrity and protecting your family’s health. In Tampa, a slow, undetected leak is the number one cause of structural rot and costly mold remediation. By permanently sealing the breach, we prevent moisture from weakening structural wood beams and drywall.</p>
<!-- /wp:paragraph -->

<!-- wp:paragraph -->
<p>When a leak has already caused damage, you don’t have to deal with multiple uncoordinated contractors. Hot Water Heroes operates as a complete home recovery family. We stop the leak, and our sister company **RestoWrx** immediately extracts the moisture, dries the space, and provides mold remediation. Finally, our contracting partner **Spicola Construction** rebuilds the accessed walls and floors back to a pristine, premium finish.</p>
<!-- /wp:paragraph -->

<!-- wp:separator -->
<hr class=""wp-block-separator has-alpha-channel-opacity""/>
<!-- /wp:separator -->

<!-- wp:heading -->
<h2 class=""wp-block-heading"">Water Leak Repair Costs in Tampa</h2>
<!-- /wp:heading -->

<!-- wp:paragraph -->
<p>The cost of water leak repair in Tampa depends heavily on the leak's location, pipe accessibility, and the extent of repair required. Typical local price ranges include:</p>
<!-- /wp:paragraph -->

<!-- wp:list -->
<ul class=""wp-block-list"">
<!-- wp:list-item -->
<li>Standard fixture/valve repair: $150 – $350</li>
<!-- /wp:list-item -->
<!-- wp:list-item -->
<li>Concealed wall or ceiling pipe repair: $400 – $950</li>
<!-- /wp:list-item -->
<!-- wp:list-item -->
<li>Underground/slab leak repair (pipe bypass or spot repair): $1,200 – $3,500</li>
<!-- /wp:list-item -->
</ul>
<!-- /wp:list -->

<!-- wp:paragraph -->
<p>These Tampa-area estimates include all premium parts, professional labor, code-compliant connections, and post-repair pressure testing. We provide clear, written estimates before any work begins so you can make an informed decision. Compared to the massive costs of structural wood replacement and mold remediation, timely leak repair pays for itself immediately.</p>
<!-- /wp:paragraph -->

<!-- wp:separator -->
<hr class=""wp-block-separator has-alpha-channel-opacity""/>
<!-- /wp:separator -->

<!-- wp:heading -->
<h2 class=""wp-block-heading"">Our Water Leak Repair Process</h2>
<!-- /wp:heading -->

<!-- wp:paragraph -->
<p>Professional water leak repair from Hot Water Heroes follows a structured, surgical process designed for permanent results with minimal home disruption:</p>
<!-- /wp:paragraph -->

<!-- wp:list {""ordered"":true} -->
<ol class=""wp-block-list"">
<!-- wp:list-item -->
<li><strong>Precision Locating:</strong> We use state-of-the-art non-invasive acoustic and thermal equipment to pinpoint the leak's exact source without damage.</li>
<!-- /wp:list-item -->
<!-- wp:list-item -->
<li><strong>Surgical Access:</strong> We create a clean, targeted opening in the drywall, floor, or ceiling to access the pipe with minimal footprint.</li>
<!-- /wp:list-item -->
<!-- wp:list-item -->
<li><strong>Premium Pipe Repair:</strong> We cut out the compromised section and replace it with durable, high-grade materials (such as PEX or heavy copper) and pressure-tested fittings.</li>
<!-- /wp:list-item -->
<!-- wp:list-item -->
<li><strong>System Pressure Testing:</strong> We run rigorous pressure tests on the repaired lines to guarantee that the system is 100% sealed and secure.</li>
<!-- /wp:list-item -->
<li><strong>Restoration Coordination:</strong> If needed, we coordinate with RestoWrx and Spicola Construction to dry out the walls and rebuild the drywall/flooring perfectly.</li>
<!-- /wp:list-item -->
</ol>
<!-- /wp:list -->

<!-- wp:separator -->
<hr class=""wp-block-separator has-alpha-channel-opacity""/>
<!-- /wp:separator -->

<!-- wp:heading -->
<h2 class=""wp-block-heading"">When to Consider Water Leak Repair</h2>
<!-- /wp:heading -->

<!-- wp:paragraph -->
<p>Consider calling our professional team immediately if you notice warm spots on your floors, damp baseboards, peeling wall paint, a musty odor that persists despite cleaning, or if your water meter dial keeps spinning even when all taps in your home are closed. Tampa homeowners who combine prompt leak repairs with professional water extraction prevent over 90% of secondary mold growth, saving thousands in property damages.</p>
<!-- /wp:paragraph -->

<!-- wp:separator -->
<hr class=""wp-block-separator has-alpha-channel-opacity""/>
<!-- /wp:separator -->

<!-- wp:heading -->
<h2 class=""wp-block-heading"">Schedule Your Leak Repair Inspection</h2>
<!-- /wp:heading -->

<!-- wp:paragraph -->
<p>Ready to secure your home? Hot Water Heroes Plumbing offers professional water leak repair throughout Tampa, St. Petersburg, Clearwater, and the greater Tampa Bay area. Our licensed, insured technicians provide honest recommendations, clear pricing, and 24/7 emergency dispatch within 60 minutes in most cases.</p>
<!-- /wp:paragraph -->

<p>Call Hot Water Heroes today at 813-42-PLUMB to schedule a professional inspection and locate your leak before it causes costly property damage. Reliable service, premium craftsmanship, and absolute peace of mind—that's what we deliver.</p>

<!-- wp:separator -->
<hr class=""wp-block-separator has-alpha-channel-opacity""/>
<!-- /wp:separator -->

<!-- wp:heading -->
<h2 class=""wp-block-heading"">Frequently Asked Questions</h2>
<!-- /wp:heading -->

<p><strong>Q: Will my homeowner's insurance cover water leak repair?</strong><br/>
A: Generally, most insurance policies cover the ""tear-out"" cost to access a hidden leak and the secondary water damage mitigation (drying and rebuild), while the direct plumbing pipe fix itself is the homeowner's responsibility. We work closely with insurance providers and RestoWrx/Spicola Construction to supply full documentation for your claim.</p>

<p><strong>Q: What is a slab leak and how dangerous is it?</strong><br/>
A: A slab leak is a plumbing leak that occurs in the lines running beneath your concrete foundation. It is highly dangerous because the escaping water washes away the supporting soil beneath the slab, leading to foundation cracks, settled floors, and severe structural shifts in your home.</p>

<p><strong>Q: Do you charge a diagnostic fee for leak detection?</strong><br/>
A: Yes, we charge a flat diagnostic fee to cover our technician's time and the advanced thermal/acoustic locating equipment. However, when you choose Hot Water Heroes to perform the repair, we apply a significant portion of this diagnostic fee directly toward the cost of the repair.</p>

<p><strong>Q: What happens if you find toxic mold during the leak repair?</strong><br/>
A: Your family's safety is our priority. If we encounter mold, we immediately stop and bring in our trusted sister company RestoWrx. Their certified mold remediation team safely contains the area, eradicates the mold spores, and sanitizes the structure before we close up the wall.</p>",
1258,Pipe Repair,"<h2>Pipe Repair &amp; Repiping Services in Tampa, FL</h2>
<p>When damaged plumbing disrupts your home, professional <strong>pipe repair</strong> and whole-home repiping services restore safety and prevent catastrophic water damage. Pipes can fail for many reasons, including material corrosion, ground shifts, chemical erosion, or aging materials. Serving homeowners throughout Tampa and surrounding counties, timely pipe repair protects your property while restoring reliable, clean water flow.</p>

<!-- wp:paragraph -->
<p>Whether you have a minor pinhole leak on a copper pipe behind your shower, or require a complete whole-home repiping to eliminate brittle, legacy polybutylene or corroded galvanized lines, Hot Water Heroes Plumbing is the premier choice. We combine elite-grade materials like flexible, freeze-resistant PEX with transparent upfront pricing and honest workmanship.</p>
<!-- /wp:paragraph -->

<!-- wp:separator -->
<hr class=""wp-block-separator has-alpha-channel-opacity""/>
<!-- /wp:separator -->

<!-- wp:heading -->
<h2 class=""wp-block-heading"">Why Tampa Homes Need Pipe Repair</h2>
<!-- /wp:heading -->

<!-- wp:paragraph -->
<p>Tampa's residential plumbing systems face specific material and environmental strains. Many homes built in the 1980s and 1990s across Hillsborough and Pinellas counties were plumbed with polybutylene—a highly brittle plastic pipe prone to sudden, catastrophic cracking when exposed to municipal chlorine. Furthermore, older historical homes in Tampa contain galvanized iron pipes that rust internally, reducing water flow, discoloration, and pinhole leaks. The humid soil and shifting sand bed beneath Tampa foundations also accelerate exterior pipe corrosion.</p>
<!-- /wp:paragraph -->

<p>Common piping concerns in Tampa homes include:</p>
<!-- wp:list -->
<ul class=""wp-block-list"">
<!-- wp:list-item -->
<li>Aged, corroded galvanized steel pipes clogging water flow and discoloring water.</li>
<!-- /wp:list-item -->
<!-- wp:list-item -->
<li>Brittle polybutylene lines cracking suddenly due to chlorine exposure.</li>
<!-- /wp:list-item -->
<!-- wp:list-item -->
<li>Pinhole leaks in copper lines from internal hard water calcium erosion.</li>
<!-- /wp:list-item -->
<!-- wp:list-item -->
<li>Ground settlement putting excessive shear stress on underground water lines.</li>
<!-- /wp:list-item -->
<!-- wp:list-item -->
<li>Reduced household water pressure due to internal scale and pipe narrowing.</li>
<!-- /wp:list-item -->
</ul>
<!-- /wp:list -->

<!-- wp:paragraph -->
<p>Addressing failing pipes immediately with modern PEX or high-grade copper ensures clean water, stable household pressure, and long-term protection against unexpected pipe bursts.</p>
<!-- /wp:paragraph -->

<!-- wp:separator -->
<hr class=""wp-block-separator has-alpha-channel-opacity""/>
<!-- /wp:separator -->

<!-- wp:heading -->
<h2 class=""wp-block-heading"">Types of Pipe Repair &amp; Repiping We Provide</h2>
<!-- /wp:heading -->

<!-- wp:paragraph -->
<p>We believe in providing permanent, high-durability plumbing solutions. Our licensed plumbers assess your system’s age and material to recommend the most cost-effective solution. We provide the following pipe services in Tampa:</p>
<!-- /wp:paragraph -->

<!-- wp:list -->
<ul class=""wp-block-list"">
<!-- wp:list-item -->
<li><strong>PEX Repiping:</strong> The industry gold standard—replacing entire home piping systems with highly flexible, scale-resistant, and corrosion-proof PEX lines.</li>
<!-- /wp:list-item -->
<!-- wp:list-item -->
<li><strong>Copper Pipe Repair:</strong> Expertly sweating and replacing sections of damaged copper lines with heavy-duty Type L copper.</li>
<!-- /wp:list-item -->
<!-- wp:list-item -->
<li><strong>Main Water Service Line Repair:</strong> Replacing or repairing the main water line running from your utility meter to your home foundation.</li>
<!-- /wp:list-item -->
<!-- wp:list-item -->
<li><strong>Localized Section Replacements:</strong> Fast, targeted repairs using premium compression fittings and high-durability modern materials.</li>
<!-- /wp:list-item -->
</ul>
<!-- /wp:list -->

<!-- wp:paragraph -->
<p>We ensure all repairs and repipes are fully insulated and securely bracketed to prevent water hammer and temperature losses.</p>
<!-- /wp:paragraph -->

<!-- wp:separator -->
<hr class=""wp-block-separator has-alpha-channel-opacity""/>
<!-- /wp:separator -->

<!-- wp:heading -->
<h2 class=""wp-block-heading"">How Pipe Repair Protects Your Home</h2>
<!-- /wp:heading -->

<!-- wp:paragraph -->
<p>Your pipes are the highway of your home’s plumbing. Even a minor pipe crack can quietly release hundreds of gallons of water per day, leading to structural foundation damage, rotted support studs, and sagging ceilings. By replacing corroded or brittle pipes with modern PEX, you eliminate the risk of sudden pressure bursts and ensure lead-free, clean drinking water.</p>
<!-- /wp:paragraph -->

<!-- wp:paragraph -->
<p>If pipe replacement requires opening walls or flooring, Hot Water Heroes makes the repair stress-free. In coordination with our sister companies, **RestoWrx** handles any immediate water extraction and structure drying, while **Spicola Construction** professionally patches, paints, and rebuilds the accessed areas to a premium finish.</p>
<!-- /wp:paragraph -->

<!-- wp:separator -->
<hr class=""wp-block-separator has-alpha-channel-opacity""/>
<!-- /wp:separator -->

<!-- wp:heading -->
<h2 class=""wp-block-heading"">Pipe Repair &amp; Repiping Costs in Tampa</h2>
<!-- /wp:heading -->

<!-- wp:paragraph -->
<p>The cost of pipe repair and whole-house repiping Tampa homeowners experience depends on home size, number of bathrooms, pipe accessibility, and materials chosen. Typical local price ranges include:</p>
<!-- /wp:paragraph -->

<!-- wp:list -->
<ul class=""wp-block-list"">
<!-- wp:list-item -->
<li>Localized pipe section repair (copper/PEX): $250 – $600</li>
<!-- /wp:list-item -->
<!-- wp:list-item -->
<li>Main water service line replacement: $600 – $1,800</li>
<!-- /wp:list-item -->
<li>Whole-house PEX repiping (standard 3-bed, 2-bath home): $4,000 – $12,000</li>
<!-- /wp:list-item -->
</ul>
<!-- /wp:list -->

<!-- wp:paragraph -->
<p>These local estimates include all heavy-duty piping, professional fittings, permits, code inspections, and a comprehensive system pressure test. We offer free upfront estimates on all whole-home repiping projects with transparent flat-rate pricing. A modern PEX repipe represents an investment that directly increases your home’s resale value and drastically reduces insurance premiums.</p>
<!-- /wp:paragraph -->

<!-- wp:separator -->
<hr class=""wp-block-separator has-alpha-channel-opacity""/>
<!-- /wp:separator -->

<!-- wp:heading -->
<h2 class=""wp-block-heading"">Our Pipe Repair &amp; Repiping Process</h2>
<!-- /wp:heading -->

<!-- wp:paragraph -->
<p>Professional pipe repair or repiping from Hot Water Heroes follows a meticulous, highly organized process designed to minimize water downtime and household disruption:</p>
<!-- /wp:paragraph -->

<!-- wp:list {""ordered"":true} -->
<ol class=""wp-block-list"">
<!-- wp:list-item -->
<li><strong>System Evaluation:</strong> We map your plumbing layout and inspect pipe materials to locate wear, corrosion, or leaks.</li>
<!-- /wp:list-item -->
<!-- wp:list-item -->
<li><strong>Surgical Access Planning:</strong> We plan target access points behind cabinets or walls to minimize cosmetic drywall damage.</li>
<!-- /wp:list-item -->
<!-- wp:list-item -->
<li><strong>Precision Installation:</strong> We run new high-durability PEX or copper lines through your home's structural framing, meeting all local codes.</li>
<!-- /wp:list-item -->
<!-- wp:list-item -->
<li><strong>Pressure &amp; Flow Testing:</strong> We subject the new pipes to intensive hydrostatic pressure testing to guarantee a 100% leak-free installation.</li>
<!-- /wp:list-item -->
<li><strong>Wall Rebuild Coordination:</strong> Our partner Spicola Construction repairs, paints, and matches your drywall, returning your home to pristine condition.</li>
<!-- /wp:list-item -->
</ol>
<!-- /wp:list -->

<!-- wp:separator -->
<hr class=""wp-block-separator has-alpha-channel-opacity""/>
<!-- /wp:separator -->

<!-- wp:heading -->
<h2 class=""wp-block-heading"">When to Consider Pipe Repair / Repiping</h2>
<!-- /wp:heading -->

<!-- wp:paragraph -->
<p>Consider scheduling a pipe inspection if you experience a persistent metallic taste in your drinking water, rust-colored water when turning on your taps, low water pressure throughout your home, or multiple pinhole leaks within a single year. Tampa homeowners with homes built before 1995 who replace polybutylene or galvanized lines before they burst protect their valuable possessions and avoid massive water damage claims.</p>
<!-- /wp:paragraph -->

<!-- wp:separator -->
<hr class=""wp-block-separator has-alpha-channel-opacity""/>
<!-- /wp:separator -->

<!-- wp:heading -->
<h2 class=""wp-block-heading"">Schedule Your Pipe Repair Estimate</h2>
<!-- /wp:heading -->

<!-- wp:paragraph -->
<p>Ready to upgrade your home’s plumbing backbone? Hot Water Heroes Plumbing provides professional pipe repair and repiping services throughout Tampa, Brandon, Wesley Chapel, Clearwater, and St. Petersburg. Our licensed, insured professionals offer honest advice, upfront flat-rate pricing, and completely free estimates on repiping.</p>
<!-- /wp:paragraph -->

<p>Call Hot Water Heroes today at 813-42-PLUMB to schedule your plumbing system evaluation and secure your home against water pipe failures. Clean water, high water pressure, and bulletproof reliability—that's our promise.</p>

<!-- wp:separator -->
<hr class=""wp-block-separator has-alpha-channel-opacity""/>
<!-- /wp:separator -->

<!-- wp:heading -->
<h2 class=""wp-block-heading"">Frequently Asked Questions</h2>
<!-- /wp:heading -->

<p><strong>Q: What is PEX piping and why is it preferred over copper?</strong><br/>
A: PEX (cross-linked polyethylene) is a highly flexible, durable plastic piping. It is preferred because it doesn't corrode, is highly resistant to mineral scale buildup, has fewer joint connections (reducing leak risks), and expands slightly during pressure surges, making it practically burst-proof compared to rigid copper.</p>

<p><strong>Q: How long does a whole-house repiping take?</strong><br/>
A: For a standard single-family home (3 bedrooms, 2 bathrooms), a professional whole-house repipe by Hot Water Heroes typically takes 2 to 4 business days. Your water service is only shut off during working hours, meaning your family will have functioning water and plumbing every evening.</p>

<p><strong>Q: Will my walls have to be completely torn down for a repipe?</strong><br/>
A: Absolutely not. PEX's flexibility allows us to ""snake"" the pipe through wall cavities with minimal access cuts. We typically only cut small, strategic holes in drywall behind closets, cabinets, or bathrooms, which Spicola Construction then patches and paints to a perfect match.</p>

<p><strong>Q: What is the warranty on a new whole-house PEX repipe?</strong><br/>
A: We stand behind our work. Hot Water Heroes provides a lifetime warranty on PEX pipe materials and an industry-leading 10-year warranty on all professional labor. This gives you complete peace of mind that your plumbing is secured for decades.</p>",
1326,Drain Cleaning,"<h2>Professional Drain Cleaning Services in Tampa, FL</h2>
<p>When drains stop flowing properly, it disrupts your home's routine and presents serious health and sanitation risks. Professional <strong>drain cleaning</strong> from Hot Water Heroes Plumbing restores optimal wastewater flow, clears stubborn clogs, and keeps your sewer system operating smoothly. Serving Tampa, St. Petersburg, Clearwater, and the surrounding areas, we use high-power technology to tackle kitchen grease, soap scum, and sewer root intrusions.</p>

<!-- wp:paragraph -->
<p>Many homeowners rely on grocery-store chemical drain cleaners, which only dissolve a small portion of the clog while severely corroding and weakening metal and PVC pipes. Our professional drain cleaning services utilize advanced sewer cameras, mechanical snaking, and high-pressure hydro-jetting to safely and thoroughly scrub your pipe walls clean without damage.</p>
<!-- /wp:paragraph -->

<!-- wp:separator -->
<hr class=""wp-block-separator has-alpha-channel-opacity""/>
<!-- /wp:separator -->

<!-- wp:heading -->
<h2 class=""wp-block-heading"">Why Tampa Homes Need Drain Cleaning</h2>
<!-- /wp:heading -->

<!-- wp:paragraph -->
<p>Tampa's flat geography and local flora place unique demands on residential drainage systems. Our warm temperatures accelerate the solidification of cooking oils and grease inside kitchen drains, forming tough blockages. Furthermore, the massive oak and palm trees common in Tampa neighborhoods have aggressive root systems that seek out moisture, expanding into the joints of underground sewer lines. In coastal areas, fine sand can easily find its way into broken drain pipes, creating dense blocks that traditional tools cannot clear.</p>
<!-- /wp:paragraph -->

<p>Common drain and sewer concerns in Tampa homes include:</p>
<!-- wp:list -->
<ul class=""wp-block-list"">
<!-- wp:list-item -->
<li>Sandy soil and fine particulates settling in drain lines and creating dense plugs.</li>
<!-- /wp:list-item -->
<!-- wp:list-item -->
<li>Cooking grease and organic wastes solidifying rapidly in warm sub-tropical pipes.</li>
<!-- /wp:list-item -->
<!-- wp:list-item -->
<li>Invasive oak tree roots penetrating sewer pipe joints and blocking flow.</li>
<!-- /wp:list-item -->
<!-- wp:list-item -->
<li>Aged cast-iron drain lines corroding internally and catching paper waste.</li>
<!-- /wp:list-item -->
<!-- wp:list-item -->
<li>Foul sewer odors rising from dry p-traps or clogged sewer vents.</li>
<!-- /wp:list-item -->
</ul>
<!-- /wp:list -->

<!-- wp:paragraph -->
<p>Scheduling a professional drain cleaning restores free-flowing pipes, eliminates foul drain smells, and prevents wastewater backups from spilling onto your floors.</p>
<!-- /wp:paragraph -->

<!-- wp:separator -->
<hr class=""wp-block-separator has-alpha-channel-opacity""/>
<!-- /wp:separator -->

<!-- wp:heading -->
<h2 class=""wp-block-heading"">Types of Drain Cleaning Services We Provide</h2>
<!-- /wp:heading -->

<!-- wp:paragraph -->
<p>We do not believe in temporary, half-measured clog clearings. Our licensed plumbers utilize high-end machinery to restore the full diameter of your drainage pipes. We provide the following drain cleaning services in Tampa:</p>
<!-- /wp:paragraph -->

<!-- wp:list -->
<ul class=""wp-block-list"">
<!-- wp:list-item -->
<li><strong>Professional Cable Snaking:</strong> Utilizing mechanical steel blades to chop through hair clogs, paper obstructions, and solid objects in secondary lines.</li>
<!-- /wp:list-item -->
<!-- wp:list-item -->
<li><strong>High-Pressure Hydro-Jetting:</strong> Using specialized nozzles to blast water at up to 4,000 PSI, scrubbing away grease, scale, and root intrusions from main sewer lines.</li>
<!-- /wp:list-item -->
<li><strong>HD Sewer Camera Inspections:</strong> Threading fiber-optic cameras down your lines to identify the exact cause and structural condition of your drain pipes.</li>
<!-- /wp:list-item -->
<li><strong>Eco-Friendly Treatments:</strong> Safe, enzyme-based biological drain maintainers that eat away organic buildup without corroding the pipe material.</li>
<!-- /wp:list-item -->
</ul>
<!-- /wp:list -->

<!-- wp:paragraph -->
<p>Every drain clearing is performed with modern precautions to protect your home's fixtures, cabinetry, and flooring from any backup mess.</p>
<!-- /wp:paragraph -->

<!-- wp:separator -->
<hr class=""wp-block-separator has-alpha-channel-opacity""/>
<!-- /wp:separator -->

<!-- wp:heading -->
<h2 class=""wp-block-heading"">How Drain Cleaning Protects Your Plumbing</h2>
<!-- /wp:heading -->

<!-- wp:paragraph -->
<p>Wastewater backups do not just damage your floors—they present serious structural and biohazard risks. When main sewer lines back up, highly toxic wastewater can flood bathrooms and kitchens. Furthermore, the immense hydrostatic pressure from a blocked drain line can cause older cast iron or clay pipes to fracture, leading to collapsed sewer lines beneath your yard or slab.</p>
<!-- /wp:paragraph -->

<!-- wp:paragraph -->
<p>If a severe sewage backup has flooded your property, Hot Water Heroes coordinates a complete recovery. We clear the line, and our sister company **RestoWrx** immediately extracts the wastewater and sanitizes your home to eliminate biohazard threats. If excavation is required to replace a collapsed pipe under your driveway, our partner **Spicola Construction** handles the concrete restoration and structural rebuild.</p>
<!-- /wp:paragraph -->

<!-- wp:separator -->
<hr class=""wp-block-separator has-alpha-channel-opacity""/>
<!-- /wp:separator -->

<!-- wp:heading -->
<h2 class=""wp-block-heading"">Drain Cleaning Costs in Tampa</h2>
<!-- /wp:heading -->

<!-- wp:paragraph -->
<p>The cost of drain cleaning in Tampa depends on the clog's location, the technology required, and whether main lines or secondary lines are affected. Typical local price ranges include:</p>
<!-- /wp:paragraph -->

<!-- wp:list -->
<ul class=""wp-block-list"">
<!-- wp:list-item -->
<li>Secondary drain snaking (sink, shower, tub): $150 – $300</li>
<!-- /wp:list-item -->
<!-- wp:list-item -->
<li>High-pressure hydro-jetting (main sewer line): $450 – $800</li>
<!-- /wp:list-item -->
<li>Sewer camera inspection: $150 – $350 (often waived if we perform repairs)</li>
<!-- /wp:list-item -->
</ul>
<!-- /wp:list -->

<!-- wp:paragraph -->
<p>These Tampa-area estimates include all professional equipment, labor, camera validation, and clean up. We provide clear, written estimates before work begins. Investing in professional hydro-jetting completely cleans the pipes, preventing the rapid re-clogging common with simple snake clearing, saving you money in the long run.</p>
<!-- /wp:paragraph -->

<!-- wp:separator -->
<hr class=""wp-block-separator has-alpha-channel-opacity""/>
<!-- /wp:separator -->

<!-- wp:heading -->
<h2 class=""wp-block-heading"">Our Drain Cleaning Process</h2>
<!-- /wp:heading -->

<!-- wp:paragraph -->
<p>Professional drain cleaning from Hot Water Heroes follows a thorough, structured process to ensure your drain is 100% clean and free-flowing:</p>
<!-- /wp:paragraph -->

<!-- wp:list {""ordered"":true} -->
<ol class=""wp-block-list"">
<!-- wp:list-item -->
<li><strong>Video Camera Inspection:</strong> We locate the cleanout and thread a camera down the sewer line to identify the block's exact composition and verify pipe integrity.</li>
<!-- /wp:list-item -->
<!-- wp:list-item -->
<li><strong>Debris Clearing:</strong> We deploy mechanical snaking to pierce solid clogs or hydro-jetting to completely flush grease and tree roots out of the line.</li>
<!-- /wp:list-item -->
<!-- wp:list-item -->
<li><strong>Pipe Wall Scrubbing:</strong> Hydro-jetting scrub streams are pulled backward to clean the pipe interior down to the bare PVC or metal.</li>
<!-- /wp:list-item -->
<!-- wp:list-item -->
<li><strong>Post-Clearing Video Audit:</strong> We run the camera through the line again to verify the block is completely gone and show you the clean pipe walls.</li>
<!-- /wp:list-item -->
<li><strong>Prevention Consultation:</strong> We provide you with a customized maintenance plan, including enzyme recommendations, to prevent future organic clogs.</li>
<!-- /wp:list-item -->
</ol>
<!-- /wp:list -->

<!-- wp:separator -->
<hr class=""wp-block-separator has-alpha-channel-opacity""/>
<!-- /wp:separator -->

<!-- wp:heading -->
<h2 class=""wp-block-heading"">When to Consider Drain Cleaning</h2>
<!-- /wp:heading -->

<!-- wp:paragraph -->
<p>Consider calling our professional team if you notice water pooling in your sink or shower, gurgling sounds from your toilets, multiple drains backing up at the same time, or strong sewer smells coming from your drains. Tampa homeowners who schedule annual hydro-jetting completely eliminate organic scaling and tree root expansion, avoiding emergency 2 AM sewer backflows.</p>
<!-- /wp:paragraph -->

<!-- wp:separator -->
<hr class=""wp-block-separator has-alpha-channel-opacity""/>
<!-- /wp:separator -->

<!-- wp:heading -->
<h2 class=""wp-block-heading"">Schedule Your Professional Drain Cleaning</h2>
<!-- /wp:heading -->

<!-- wp:paragraph -->
<p>Tired of standing water and slow drains? Hot Water Heroes Plumbing provides professional drain cleaning throughout Tampa, Brandon, St. Petersburg, Clearwater, and Wesley Chapel. Our licensed and insured technicians offer flat-rate pricing, 24/7 same-day service, and state-of-the-art camera validation.</p>
<!-- /wp:paragraph -->

<p>Call Hot Water Heroes today at 813-42-PLUMB to schedule your professional drain cleaning and enjoy free-flowing pipes once again. Clean work, clear pipes, and honest pricing—that's our standard.</p>

<!-- wp:separator -->
<hr class=""wp-block-separator has-alpha-channel-opacity""/>
<!-- /wp:separator -->

<!-- wp:heading -->
<h2 class=""wp-block-heading"">Frequently Asked Questions</h2>
<!-- /wp:heading -->

<p><strong>Q: Are grocery-store chemical drain cleaners safe for my plumbing?</strong><br/>
A: Absolutely not. Chemical drain cleaners contain highly corrosive acids or sodium hydroxide. They generate extreme heat inside your pipes that can warp PVC lines, melt joints, and eat through metal lines. They are also highly toxic to the environment and present chemical burn hazards to plumbers who must work on the line afterward.</p>

<p><strong>Q: What is the difference between drain snaking and hydro-jetting?</strong><br/>
A: Drain snaking uses a steel cable to punch a hole through a solid blockage, restoring flow but leaving grease and scale stuck to the pipe walls. Hydro-jetting uses high-pressure water streams to completely scrub the entire pipe interior clean, stripping away all grease, scale, and roots, effectively restoring the pipe to a ""like-new"" state.</p>

<p><strong>Q: How often should I have my home's sewer line professionally cleaned?</strong><br/>
A: For most single-family homes, we recommend professional main sewer line cleaning once every 18 to 24 months. However, if your yard has mature oak trees or your home has older cast iron pipes, an annual hydro-jet flush is highly recommended to control root growth and organic scale.</p>

<p><strong>Q: What happens if your camera inspection reveals a collapsed pipe?</strong><br/>
A: If we find a structural collapse, we immediately locate the exact spot using our digital transmitter. We will provide you with a clear, upfront estimate for localized **Sewer Line Repair**. Through Spicola Construction, we also manage the structural excavations and restore your flooring or landscaping perfectly.</p>",
1340,Water Heater Repair,"<h2>Water Heater Repair Services in Tampa, FL</h2>
<p>A failing water heater can quickly bring your home to a halt. When you're faced with ice-cold showers, loud popping noises, or active leaks around your tank, professional <strong>water heater repair</strong> is an emergency. Hot Water Heroes Plumbing is the premier expert in rapid water heater diagnostics and repair across the Greater Tampa Bay area, restoring your hot water quickly and safely.</p>

<!-- wp:paragraph -->
<p>Our licensed and insured plumbing specialists travel in fully stocked trucks loaded with premium OEM replacement parts, including heating elements, thermostats, thermocouples, and pressure valves. We specialize in repairing all major brands—such as Rheem, Bradford White, A.O. Smith, and Lochinvar—providing flat-rate upfront quotes with no upsells and no surprises.</p>
<!-- /wp:paragraph -->

<!-- wp:separator -->
<hr class=""wp-block-separator has-alpha-channel-opacity""/>
<!-- /wp:separator -->

<!-- wp:heading -->
<h2 class=""wp-block-heading"">Why Tampa Homes Need Water Heater Repair</h2>
<!-- /wp:heading -->

<!-- wp:paragraph -->
<p>Tampa's municipal and well water supplies carry high concentrations of dissolved limestone, calcium, and magnesium. Inside a water heater, these minerals rapidly precipitate out of the water, forming a thick, hardened scale layer at the bottom of the tank. This scale acts as an thermal insulator, trapping boiling water beneath the sediment, which causes electric heating elements to overheat and burn out, and tank steel to expand and crack. Furthermore, Tampa's high humidity accelerates rust and corrosion on external electrical fittings and pressure relief valves.</p>
<!-- /wp:paragraph -->

<p>Common water heater concerns in Tampa homes include:</p>
<!-- wp:list -->
<ul class=""wp-block-list"">
<!-- wp:list-item -->
<li>Sediment and calcium scale covering heating elements, causing rapid burnout.</li>
<!-- /wp:list-item -->
<!-- wp:list-item -->
<li> Sacrificial anode rods degrading rapidly due to aggressive local water chemistry.</li>
<!-- /wp:list-item -->
<!-- wp:list-item -->
<li>Popping or cracking sounds in the tank indicating heavy calcium sediment buildup.</li>
<!-- /wp:list-item -->
<!-- wp:list-item -->
<li>Thermostat failures causing fluctuating or dangerous water temperatures.</li>
<!-- /wp:list-item -->
<!-- wp:list-item -->
<li>Leaking temperature and pressure relief (T&amp;P) valves posing safety risks.</li>
<!-- /wp:list-item -->
</ul>
<!-- /wp:list -->

<!-- wp:paragraph -->
<p>Addressing minor water heater symptoms early prevents complete element burnouts, electrical hazards, and catastrophic tank bursts that could flood your home.</p>
<!-- /wp:paragraph -->

<!-- wp:separator -->
<hr class=""wp-block-separator has-alpha-channel-opacity""/>
<!-- /wp:separator -->

<!-- wp:heading -->
<h2 class=""wp-block-heading"">Types of Water Heaters We Repair</h2>
<!-- /wp:heading -->

<!-- wp:paragraph -->
<p>We train our plumbing technicians to service all water heating configurations. We specialize in the following water heater repair categories in Tampa:</p>
<!-- /wp:paragraph -->

<!-- wp:list -->
<ul class=""wp-block-list"">
<!-- wp:list-item -->
<li><strong>Electric Tank Water Heaters:</strong> Diagnosing and replacing burned-out upper/lower heating elements, faulty thermostats, and corroded wiring.</li>
<!-- /wp:list-item -->
<!-- wp:list-item -->
<li><strong>Gas Tank Water Heaters:</strong> Repairing gas control valves, thermocouples, pilot assemblies, and clearing venting blockages.</li>
<!-- /wp:list-item -->
<li><strong>Hybrid Heat Pump Systems:</strong> Troubleshooting advanced compressor controls, fan assemblies, and condensate drain lines.</li>
<!-- /wp:list-item -->
<li><strong>Point-of-Use Systems:</strong> Fast repairs on compact under-sink units for kitchens and home additions.</li>
<!-- /wp:list-item -->
</ul>
<!-- /wp:list -->

<!-- wp:paragraph -->
<p>We carry standard heating elements, thermostats, and relief valves on our trucks to perform same-day, one-trip repairs in over 90% of service calls.</p>
<!-- /wp:paragraph -->

<!-- wp:separator -->
<hr class=""wp-block-separator has-alpha-channel-opacity""/>
<!-- /wp:separator -->

<!-- wp:heading -->
<h2 class=""wp-block-heading"">How Water Heater Repair Protects Your Home</h2>
<!-- /wp:heading -->

<!-- wp:paragraph -->
<p>A damaged water heater presents serious electrical, gas, and water damage risks. High tank pressures can cause a water heater to burst, releasing up to 50 gallons of scalding water directly onto your drywall and flooring. By performing professional diagnostics and safety tests, we ensure that pressure valves are working and electrical elements are safe.</p>
<!-- /wp:paragraph -->

<p>If your water heater has burst and flooded your garage or home, our sister company **RestoWrx** handles the water extraction, mitigation, and mold prevention immediately. Our partner **Spicola Construction** will then rebuild the platform, repair damaged drywall, and restore the space perfectly.</p>

<!-- wp:separator -->
<hr class=""wp-block-separator has-alpha-channel-opacity""/>
<!-- /wp:separator -->

<!-- wp:heading -->
<h2 class=""wp-block-heading"">Water Heater Repair Costs in Tampa</h2>
<!-- /wp:heading -->

<!-- wp:paragraph -->
<p>The cost of repairing a water heater in Tampa depends on the heating source (gas vs. electric), parts required, and system age. Typical local price ranges include:</p>
<!-- /wp:paragraph -->

<!-- wp:list -->
<ul class=""wp-block-list"">
<!-- wp:list-item -->
<li>Heating element or thermostat replacement: $180 – $350</li>
<!-- /wp:list-item -->
<!-- wp:list-item -->
<li>Gas control valve or thermocouple repair: $250 – $500</li>
<!-- /wp:list-item -->
<li>Thermal expansion tank installation: $250 – $450</li>
<!-- /wp:list-item -->
</ul>
<!-- /wp:list -->

<!-- wp:paragraph -->
<p>These local estimates include diagnostic testing, premium OEM parts, professional labor, and safety pressure testing. We charge a flat diagnostic fee to locate the problem, which is applied directly to the cost of your repair. Our upfront quotes are firm—meaning there are absolutely no hidden fees.</p>
<!-- /wp:paragraph -->

<!-- wp:separator -->
<hr class=""wp-block-separator has-alpha-channel-opacity""/>
<!-- /wp:separator -->

<!-- wp:heading -->
<h2 class=""wp-block-heading"">Our Water Heater Repair Process</h2>
<!-- /wp:heading -->

<!-- wp:paragraph -->
<p>Professional water heater repair from Hot Water Heroes follows a structured process designed to isolate the problem and restore hot water safely:</p>
<!-- /wp:paragraph -->

<!-- wp:list {""ordered"":true} -->
<ol class=""wp-block-list"">
<!-- wp:list-item -->
<li><strong>Visual &amp; Electrical Diagnostic:</strong> We test gas pressures, electrical element resistance, and thermostat function using diagnostic meters.</li>
<!-- /wp:list-item -->
<li><strong>Sediment Level Check:</strong> We evaluate the scale buildup at the bottom of the tank to see if it is causing element burnout.</li>
<!-- /wp:list-item -->
<li><strong>Detailed Diagnostics Review:</strong> We explain the problem clearly and present flat-rate repair options before starting work.</li>
<!-- /wp:list-item -->
<li><strong>Part Replacement:</strong> We replace failing components with high-quality OEM parts matching your heater's specifications.</li>
<!-- /wp:list-item -->
<li><strong>Safety Expansion Testing:</strong> We test water pressures and temperature settings to ensure the relief valve and thermostat are working perfectly.</li>
<!-- /wp:list-item -->
</ol>
<!-- /wp:list -->

<!-- wp:separator -->
<hr class=""wp-block-separator has-alpha-channel-opacity""/>
<!-- /wp:separator -->

<!-- wp:heading -->
<h2 class=""wp-block-heading"">When to Consider Water Heater Repair</h2>
<!-- /wp:heading -->

<!-- wp:paragraph -->
<p>Consider calling our professional team if your hot water runs out in under 10 minutes, you notice rust-colored water from your hot taps, you hear loud popping noises from the tank, or you see water pooling in the safety pan. Tampa homeowners who resolve water heater element burnouts quickly and have their systems flushed extend their heater's life by 3 to 5 years, avoiding early replacements.</p>
<!-- /wp:paragraph -->

<!-- wp:separator -->
<hr class=""wp-block-separator has-alpha-channel-opacity""/>
<!-- /wp:separator -->

<!-- wp:heading -->
<h2 class=""wp-block-heading"">Schedule Your Same-Day Water Heater Repair</h2>
<!-- /wp:heading -->

<!-- wp:paragraph -->
<p>Cold showers bringing you down? Hot Water Heroes Plumbing offers professional water heater repair throughout Tampa, South Tampa, Brandon, Wesley Chapel, Clearwater, and St. Petersburg. Our licensed, insured professionals offer same-day service and 24/7 emergency dispatch within 60 minutes in most cases.</p>
<!-- /wp:paragraph -->

<p>Call Hot Water Heroes today at 813-42-PLUMB to schedule your water heater repair. Immediate hot water, professional safety standards, and honest pricing—that's the Hot Water Heroes standard.</p>

<!-- wp:separator -->
<hr class=""wp-block-separator has-alpha-channel-opacity""/>
<!-- /wp:separator -->

<!-- wp:heading -->
<h2 class=""wp-block-heading"">Frequently Asked Questions</h2>
<!-- /wp:heading -->

<p><strong>Q: Should I repair or replace my water heater?</strong><br/>
A: As a rule of thumb, if your water heater is under 8 years old and the repair cost is under 50% of a new installation, we recommend a repair. However, if the tank is actively leaking from its base, the inner steel lining has fractured, and a complete **Water Heater Installation** is required—as cracked tanks cannot be repaired.</p>

<p><strong>Q: Do you charge a diagnostic fee for water heater service calls?</strong><br/>
A: Yes, we charge a flat diagnostic fee to cover the service call and our technician's time. When you select Hot Water Heroes to complete the repair, that diagnostic fee is applied directly to the cost of your repair, making the diagnostics practically free.</p>

<p><strong>Q: What brands of water heaters can you repair?</strong><br/>
A: We repair all major brands and models, including Rheem, Bradford White, A.O. Smith, State, Lochinvar, Kenmore, and Whirlpool. We travel with a wide variety of universal elements, thermostats, and pressure valves to perform repairs on the spot.</p>

<p><strong>Q: Why is my water heater making a loud popping noise?</strong><br/>
A: Popping noises indicate a heavy calcium sediment layer at the bottom of the tank. Boiling water gets trapped under this sediment and bursts through the layer like a miniature geyser. This is a severe warning sign that your heater needs to be professionally flushed before the element burns out or the tank cracks.</p>",
1666,Sewer Line Repair,"<h2>Sewer Line Repair &amp; Replacement in Tampa, FL</h2>
<p>Sewer line damage is one of the most stressful plumbing failures a homeowner can experience. Cracked, collapsed, or root-invaded sewer mains lead to slow drains, toilet backups, and structural damage to your yard and home foundation. Hot Water Heroes Plumbing provides high-end, reliable <strong>sewer line repair</strong> and trenchless sewer lining services across the Greater Tampa Bay area, utilizing advanced diagnostics to resolve your problems cleanly and permanently.</p>

<!-- wp:paragraph -->
<p>We eliminate guesswork by performing high-definition sewer camera inspections. We thread a waterproof, fiber-optic camera down your line to locate the block or breach. We then present you with upfront flat-rate options, including non-invasive trenchless pipe lining (CIPP) and traditional excavation, backed by industry-leading warranties.</p>
<!-- /wp:paragraph -->

<!-- wp:separator -->
<hr class=""wp-block-separator has-alpha-channel-opacity""/>
<!-- /wp:separator -->

<!-- wp:heading -->
<h2 class=""wp-block-heading"">Why Tampa Homes Need Sewer Line Repair</h2>
<!-- /wp:heading -->

<!-- wp:paragraph -->
<p>Tampa's soil composition and sub-tropical flora place major stress on buried sewer mains. The aggressive root systems of mature oak trees seek out condensation on the joints of sewer pipes, expanding into the line and cracking the pipe. Furthermore, older historical neighborhoods in Tampa and St. Petersburg still have clay or legacy Orangeburg (tar paper) sewer lines that soften and collapse over time. The shifting sandy soil also causes sewer pipes to ""belly"" or sink, creating low spots that trap solid waste and cause recurring backups.</p>
<!-- /wp:paragraph -->

<p>Common sewer line concerns in Tampa homes include:</p>
<!-- wp:list -->
<ul class=""wp-block-list"">
<!-- wp:list-item -->
<li>Tree root intrusion cracking and blocking sewer lines.</li>
<!-- /wp:list-item -->
<!-- wp:list-item -->
<li>Brittle clay or Orangeburg pipes softening and collapsing underground.</li>
<!-- /wp:list-item -->
<li>Shifting sand bed causing ""bellied"" or sunken sewer pipes.</li>
<!-- /wp:list-item -->
<li>Fine sand entering underground pipe joints, blocking waste flow.</li>
<!-- /wp:list-item -->
<li>Soil erosion and sinkholes forming around leaking sewer main breaches.</li>
<!-- /wp:list-item -->
</ul>
<!-- /wp:list -->

<!-- wp:paragraph -->
<p>Resolving sewer line issues quickly protects public health, eliminates sewer gas odor, and prevents sewage backups from flooding your home's interior.</p>
<!-- /wp:paragraph -->

<!-- wp:separator -->
<hr class=""wp-block-separator has-alpha-channel-opacity""/>
<!-- /wp:separator -->

<!-- wp:heading -->
<h2 class=""wp-block-heading"">Types of Sewer Line Repairs We Provide</h2>
<!-- /wp:heading -->

<!-- wp:paragraph -->
<p>We believe in providing the most reliable and least destructive repair possible. Our licensed sewer specialists evaluate your line to present the best options. We provide the following sewer services in Tampa:</p>
<!-- /wp:paragraph -->

<!-- wp:list -->
<ul class=""wp-block-list"">
<!-- wp:list-item -->
<li><strong>Trenchless Pipe Lining (CIPP):</strong> Restoring sewer pipes from the inside by blowing a resin-saturated liner into the old pipe, creating a jointless PVC-quality sleeve without digging up your yard.</li>
<!-- /wp:list-item -->
<!-- wp:list-item -->
<li><strong>Traditional Excavation Spot Repair:</strong> Digging a targeted trench to replace a collapsed or root-destroyed pipe section with heavy PVC.</li>
<!-- /wp:list-item -->
<li><strong>Full Sewer Line Replacement:</strong> Installing a brand-new, durable schedule 40 PVC main sewer line from your home to the municipal sewer tie-in.</li>
<!-- /wp:list-item -->
<li><strong>Sewer Cleanout Installation:</strong> Adding access ports to make future sewer line diagnostics and cleaning fast and affordable.</li>
<!-- /wp:list-item -->
</ul>
<!-- /wp:list -->

<!-- wp:paragraph -->
<p>All sewer line repairs and replacements are fully compliant with local sanitation codes and are validated with a post-repair camera audit.</p>
<!-- /wp:paragraph -->

<!-- wp:separator -->
<hr class=""wp-block-separator has-alpha-channel-opacity""/>
<!-- /wp:separator -->

<!-- wp:heading -->
<h2 class=""wp-block-heading"">How Sewer Line Repair Protects Your Home</h2>
<!-- /wp:heading -->

<!-- wp:paragraph -->
<p>Sewer failures present highly dangerous biohazard risks. A cracked sewer pipe can leak wastewater beneath your concrete slab or yard, causing soil washouts that lead to slab cracks or sinkholes. Furthermore, backflows can spill sewage directly onto your floors, destroying drywall, carpeting, and baseboards.</p>
<!-- /wp:paragraph -->

<!-- wp:paragraph -->
<p>Hot Water Heroes is uniquely equipped to handle this entire crisis. We repair the sewer line, and our sister company **RestoWrx** immediately handles the biohazard cleanup, complete water extraction, disinfection, and mold remediation. If the sewer repair required excavating under your driveway or foundation, our partner **Spicola Construction** pours new concrete and restores your landscaping beautifully.</p>
<!-- /wp:paragraph -->

<!-- wp:separator -->
<hr class=""wp-block-separator has-alpha-channel-opacity""/>
<!-- /wp:separator -->

<!-- wp:heading -->
<h2 class=""wp-block-heading"">Sewer Line Repair Costs in Tampa</h2>
<!-- /wp:heading -->

<!-- wp:paragraph -->
<p>Sewer repairs are major projects, and their costs depend heavily on the depth of the pipe, whether excavation is required, and the length of pipe replaced. Typical local price ranges include:</p>
<!-- /wp:paragraph -->

<!-- wp:list -->
<ul class=""wp-block-list"">
<!-- wp:list-item -->
<li>Trench excavation spot repair: $1,500 – $3,500</li>
<!-- /wp:list-item -->
<!-- wp:list-item -->
<li>Trenchless pipe lining (CIPP, per foot): $125 – $250 (Total typical cost: $4,000 – $8,000)</li>
<!-- /wp:list-item -->
<li>Full main sewer line replacement: $5,000 – $12,000</li>
<!-- /wp:list-item -->
</ul>
<!-- /wp:list -->

<!-- wp:paragraph -->
<p>These Tampa-area estimates include HD video camera inspections, permits, utility locates, municipal tie-ins, backfilling, and compaction. We offer completely free upfront estimates on sewer line replacements. Investing in a PEX-lining or schedule 40 PVC main sewer line completely eliminates root intrusion for decades, providing immediate value.</p>
<!-- /wp:paragraph -->

<!-- wp:separator -->
<hr class=""wp-block-separator has-alpha-channel-opacity""/>
<!-- /wp:separator -->

<!-- wp:heading -->
<h2 class=""wp-block-heading"">Our Sewer Line Repair Process</h2>
<!-- /wp:heading -->

<!-- wp:paragraph -->
<p>Sewer line work requires absolute precision. Our professional process from Hot Water Heroes is designed to protect your home and yard:</p>
<!-- /wp:paragraph -->

<!-- wp:list {""ordered"":true} -->
<ol class=""wp-block-list"">
<!-- wp:list-item -->
<li><strong>Video Camera Inspection:</strong> We thread a camera down the sewer line to locate the pipe break, belly, or collapse, and mark the exact spot.</li>
<!-- /wp:list-item -->
<!-- wp:list-item -->
<li><strong>Site Preparation:</strong> We perform digital utility locates to ensure all electrical, gas, and water lines are safe before digging or lining.</li>
<!-- /wp:list-item -->
<!-- wp:list-item -->
<li><strong>Pipe Clearing:</strong> We hydro-jet the pipe to remove scale, roots, and sludge to prepare for lining or localized spot excavation.</li>
<!-- /wp:list-item -->
<!-- wp:list-item -->
<li><strong>Pipe Installation:</strong> We insert our epoxy-filled lining or lay heavy PVC schedule 40 piping, completing structural code connections.</li>
<!-- /wp:list-item -->
<li><strong>Flow Test &amp; Backfill:</strong> We verify the flow with a final camera inspection and professionally backfill, compact, and restore the landscaping.</li>
<!-- /wp:list-item -->
</ol>
<!-- /wp:list -->

<!-- wp:separator -->
<hr class=""wp-block-separator has-alpha-channel-opacity""/>
<!-- /wp:separator -->

<!-- wp:heading -->
<h2 class=""wp-block-heading"">When to Consider Sewer Line Repair</h2>
<!-- /wp:heading -->

<!-- wp:paragraph -->
<p>Do not wait for sewage to back up into your home. Consider scheduling a camera inspection if you notice toilet water rising in your bathtub when you flush, multiple slow drains throughout your home, soggy patches in your yard, or strong sewer smells. Resolving sewer line cracks early prevents catastrophic backups, saving you thousands in home damage restoration.</p>
<!-- /wp:paragraph -->

<!-- wp:separator -->
<hr class=""wp-block-separator has-alpha-channel-opacity""/>
<!-- /wp:separator -->

<!-- wp:heading -->
<h2 class=""wp-block-heading"">Schedule Your Sewer Camera Inspection</h2>
<!-- /wp:heading -->

<!-- wp:paragraph -->
<p>Suspect a serious sewer issue? Hot Water Heroes Plumbing provides expert sewer line repair and replacement throughout Tampa, South Tampa, Brandon, Wesley Chapel, Clearwater, and St. Petersburg. Our licensed, insured technicians offer free estimates on major repairs and 24/7 same-day consultations.</p>
<!-- /wp:paragraph -->

<p>Call Hot Water Heroes today at 813-42-PLUMB to schedule your professional sewer camera inspection. Safe wastewater flow, root-proof sewer pipes, and upfront pricing—that's what we deliver.</p>

<!-- wp:separator -->
<hr class=""wp-block-separator has-alpha-channel-opacity""/>
<!-- /wp:separator -->

<!-- wp:heading -->
<h2 class=""wp-block-heading"">Frequently Asked Questions</h2>
<!-- /wp:heading -->

<p><strong>Q: What is trenchless sewer repair and how does it work?</strong><br/>
A: Trenchless sewer repair is a method of restoring a sewer line without excavation. We pull an epoxy-saturated fabric tube through your existing sewer pipe, inflate it, and let it cure. This creates a brand-new, structurally sound ""pipe-within-a-pipe"" that is jointless, root-proof, and rated to last 50+ years.</p>

<p><strong>Q: Who is responsible for repairing the sewer line under the street?</strong><br/>
A: Generally, homeowners are responsible for the entire sewer lateral running from their home up to the municipal main sewer tie-in, which often includes the section beneath the public sidewalk and street. We coordinate with local municipal utilities to secure road-cutting permits and manage these tie-ins safely.</p>

<p><strong>Q: How long does a sewer replacement take?</strong><br/>
A: A traditional sewer line excavation replacement typically takes 2 to 4 business days. A trenchless sewer lining can often be completed in just 1 business day. We work efficiently to ensure your home's down-time is minimized.</p>

<p><strong>Q: What warranty do you offer on new sewer lines?</strong><br/>
A: We stand behind our work. Hot Water Heroes provides a 50-year warranty on all trenchless sewer lining materials and a 10-year warranty on all excavation replacements and professional labor. This represents a solid, long-term guarantee for your home.</p>",
1667,Water Heater Installation,"<h2>Water Heater Installation &amp; Replacement in Tampa, FL</h2>
<p>Upgrading your home’s water heater is one of the most impactful investments you can make in your daily comfort and energy efficiency. Whether your old unit has failed, is leaking, or you want to lower your monthly utility bills, professional <strong>water heater installation</strong> ensures a safe, code-compliant setup. Hot Water Heroes Plumbing provides high-end tank water heater installation services throughout the Greater Tampa Bay area.</p>

<!-- wp:paragraph -->
<p>Our licensed and insured plumbing specialists handle the entire installation process, including professional hot water sizing, premium system selection, code-compliant expansion tank installations, and eco-friendly haul-away. We offer completely free upfront estimates with transparent flat-rate pricing, meaning there are absolutely no hidden fees.</p>
<!-- /wp:paragraph -->

<!-- wp:separator -->
<hr class=""wp-block-separator has-alpha-channel-opacity""/>
<!-- /wp:separator -->

<!-- wp:heading -->
<h2 class=""wp-block-heading"">When It’s Time to Install a New Water Heater</h2>
<!-- /wp:heading -->

<!-- wp:paragraph -->
<p>Most residential tank water heaters have an average reliable lifespan of 8 to 12 years. Our hard local water and sub-tropical humidity place significant stress on these systems, accelerating internal rusting and mineral buildup. If your system is over a decade old or has started showing major symptoms, it is best to plan a replacement before it leaks or bursts, saving you from a major household emergency.</p>
<!-- /wp:paragraph -->

<p>You should consider a new water heater installation if you experience:</p>
<!-- wp:list -->
<ul class=""wp-block-list"">
<!-- wp:list-item -->
<li>Active rust or water pooling around the bottom of the heater tank.</li>
<!-- /wp:list-item -->
<!-- wp:list-item -->
<li>Your water heater is over 10 years old and running less efficiently.</li>
<!-- /wp:list-item -->
<!-- wp:list-item -->
<li>Fluctuating hot water or running out of hot water in under 10 minutes.</li>
<!-- /wp:list-item -->
<!-- wp:list-item -->
<li>Frequent element burnouts or thermostat repairs that are starting to mount.</li>
<!-- /wp:list-item -->
<!-- wp:list-item -->
<li>Strange metallic smells or rusty hot water from your taps.</li>
<!-- /wp:list-item -->
</ul>
<!-- /wp:list -->

<!-- wp:paragraph -->
<p>Upgrading your water heater ensures a highly reliable hot water supply, lower monthly utility bills, and complete manufacturer warranty protection.</p>
<!-- /wp:paragraph -->

<!-- wp:separator -->
<hr class=""wp-block-separator has-alpha-channel-opacity""/>
<!-- /wp:separator -->

<!-- wp:heading -->
<h2 class=""wp-block-heading"">Types of Water Heaters We Install</h2>
<!-- /wp:heading -->

<!-- wp:paragraph -->
<p>We do not believe in a ""one-size-fits-all"" approach. We analyze your home's layout, family size, electrical service, and gas venting configurations to recommend the perfect match. We install the following systems in Tampa:</p>
<!-- /wp:paragraph -->

<!-- wp:list -->
<ul class=""wp-block-list"">
<!-- wp:list-item -->
<li><strong>Standard Electric Tank Heaters:</strong> Highly reliable, affordable electric tanks from premium brands like Rheem and Bradford White (typical sizes: 40, 50, or 80 gallons).</li>
<!-- /wp:list-item -->
<!-- wp:list-item -->
<li><strong>Gas Tank Water Heaters:</strong> Highly efficient natural gas or propane tanks, featuring advanced electronic control valves and combustion safety.</li>
<!-- /wp:list-item -->
<li><strong>Hybrid Heat Pump Water Heaters:</strong> Advanced systems that pull heat from the warm Florida air, running up to **3-4 times more efficiently** than standard electric tanks.</li>
<!-- /wp:list-item -->
<li><strong>Point-of-Use Electric Systems:</strong> Compact heaters for outdoor kitchens, detached suites, or commercial spaces.</li>
<!-- /wp:list-item -->
</ul>
<!-- /wp:list -->

<!-- wp:paragraph -->
<p>Every installation includes a premium thermal expansion tank, brass drain valve, and code-approved safety shutoffs to protect your home's plumbing.</p>
<!-- /wp:paragraph -->

<!-- wp:separator -->
<hr class=""wp-block-separator has-alpha-channel-opacity""/>
<!-- /wp:separator -->

<!-- wp:heading -->
<h2 class=""wp-block-heading"">How Water Heater Installation Protects Your Plumbing</h2>
<!-- /wp:heading -->

<!-- wp:paragraph -->
<p>Installing a new water heater isn’t just about hot water—it is about home safety. Modern building codes require thermal expansion tanks and pressure relief valves. When water heats up, it expands, placing immense stress on your pipes. Our professional installations absorb this expansion, protecting your PEX or copper lines from pressure cracks and water hammer.</p>
<!-- /wp:paragraph -->

<!-- wp:paragraph -->
<p>For homes with extremely hard water, we highly recommend installing a modern **Water Filtration** or water softener system alongside your new water heater. Softened water completely prevents calcium scaling inside the tank, extending the lifespan of your elements by up to 50% and protecting your investment.</p>
<!-- /wp:paragraph -->

<!-- wp:separator -->
<hr class=""wp-block-separator has-alpha-channel-opacity""/>
<!-- /wp:separator -->

<!-- wp:heading -->
<h2 class=""wp-block-heading"">Water Heater Installation Costs in Tampa</h2>
<!-- /wp:heading -->

<!-- wp:paragraph -->
<p>The cost of water heater installation in Tampa depends heavily on the fuel source (gas vs. electric), capacity, efficiency rating, and code updates required. Typical local price ranges include:</p>
<!-- /wp:paragraph -->

<!-- wp:list -->
<ul class=""wp-block-list"">
<!-- wp:list-item -->
<li>Standard Electric Tank Heater (40/50-Gallon): $1,400 – $2,400</li>
<!-- /wp:list-item -->
<!-- wp:list-item -->
<li>Standard Gas Tank Heater (40/50-Gallon): $1,800 – $2,900</li>
<!-- /wp:list-item -->
<li>Hybrid Heat Pump Water Heater (50/80-Gallon): $2,800 – $4,800</li>
<!-- /wp:list-item -->
</ul>
<!-- /wp:list -->

<!-- wp:paragraph -->
<p>These Tampa-area estimates include the premium water heater, expansion tank, plumbing connections, permit fees, municipal inspections, professional installation labor, and complete disposal of your old unit. We offer completely free upfront estimates. While hybrid systems have a higher initial cost, they typically pay for themselves within 2 to 3 years through massive electricity savings in Florida's warm climate.</p>
<!-- /wp:paragraph -->

<!-- wp:separator -->
<hr class=""wp-block-separator has-alpha-channel-opacity""/>
<!-- /wp:separator -->

<!-- wp:heading -->
<h2 class=""wp-block-heading"">Our Water Heater Installation Process</h2>
<!-- /wp:heading -->

<!-- wp:paragraph -->
<p>Professional water heater installation from Hot Water Heroes follows a meticulous process designed to ensure absolute safety and code compliance:</p>
<!-- /wp:paragraph -->

<!-- wp:list {""ordered"":true} -->
<ol class=""wp-block-list"">
<!-- wp:list-item -->
<li><strong>Hot Water Sizing:</strong> We analyze your family's hot water usage to determine the correct capacity and heat recovery rate.</li>
<!-- /wp:list-item -->
<li><strong>Clean Removal:</strong> We completely drain the old unit, disconnect the electrical and plumbing lines, and haul the old heater away for recycling.</li>
<!-- /wp:list-item -->
<li><strong>Precision Setting:</strong> We install a durable new safety pan, sit the new water heater, and connect the water lines with flexible stainless steel connectors.</li>
<!-- /wp:list-item -->
<li><strong>Safety Valve Setup:</strong> We install a new thermal expansion tank and run code-compliant discharge lines for the T&amp;P relief valve.</li>
<!-- /wp:list-item -->
<li><strong>System Power-Up &amp; Audit:</strong> We fill the tank, power up the system, verify all connections are sealed, set temperatures to a safe 120°F, and walk you through basic maintenance.</li>
<!-- /wp:list-item -->
</ol>
<!-- /wp:list -->

<!-- wp:separator -->
<hr class=""wp-block-separator has-alpha-channel-opacity""/>
<!-- /wp:separator -->

<!-- wp:heading -->
<h2 class=""wp-block-heading"">When to Consider Water Heater Installation</h2>
<!-- /wp:heading -->

<!-- wp:paragraph -->
<p>Consider upgrading if your water heater is past 10 years old, you notice small trickles of water pooling beneath the tank, your water heater has developed popping noises that flushing didn't solve, or your hot water has started smelling metallic. Tampa homeowners who replace aging systems proactively avoid expensive water damage and enjoy immediate energy savings from day one.</p>
<!-- /wp:paragraph -->

<!-- wp:separator -->
<hr class=""wp-block-separator has-alpha-channel-opacity""/>
<!-- /wp:separator -->

<!-- wp:heading -->
<h2 class=""wp-block-heading"">Schedule Your Free Installation Estimate</h2>
<!-- /wp:heading -->

<!-- wp:paragraph -->
<p>Ready to experience premium hot water? Hot Water Heroes Plumbing provides professional water heater installation throughout Tampa, Brandon, Wesley Chapel, Clearwater, and St. Petersburg. Our licensed, insured professionals offer honest advice, flat-rate pricing, and completely free estimates.</p>
<!-- /wp:paragraph -->

<p>Call Hot Water Heroes today at 813-42-PLUMB to schedule your free estimate and find the perfect hot water system for your family. Immediate hot water, professional installation, and lifetime reliability—that's what we deliver.</p>

<!-- wp:separator -->
<hr class=""wp-block-separator has-alpha-channel-opacity""/>
<!-- /wp:separator -->

<!-- wp:heading -->
<h2 class=""wp-block-heading"">Frequently Asked Questions</h2>
<!-- /wp:heading -->

<p><strong>Q: What warranties do you offer on new water heaters?</strong><br/>
A: We install premium Rheem and Bradford White systems, which carry a 6-year to 10-year manufacturer warranty on the tank and electrical parts. Additionally, Hot Water Heroes provides a full 1-year warranty on all professional installation labor, ensuring your system is set up perfectly.</p>

<p><strong>Q: Do I need a permit to install a water heater in Florida?</strong><br/>
A: Yes, Florida Building Code requires a plumbing permit and subsequent municipal inspection for all water heater installations. This protects you by ensuring the electrical wiring, gas venting, and pressure safety devices meet strict local building standards. We manage the entire permit and inspection process for you.</p>

<p><strong>Q: What is a hybrid heat pump water heater and is it worth it?</strong><br/>
A: A hybrid heat pump water heater pulls heat from the ambient air to heat your water, running up to **3-4 times more efficiently** than a standard electric tank. In Florida's hot climate, it also dehumidifies and cools the space it is in (like a garage). It is highly worth it, typically saving Tampa homeowners up to $300 to $400 annually on electricity bills.</p>

<p><strong>Q: Do you haul away and dispose of the old water heater?</strong><br/>
A: Absolutely. Our comprehensive installation service includes completely draining, removing, hauling away, and responsibly recycling your old water heater at no extra charge, leaving your garage or utility closet clean.</p>",
1668,Leak Detection &amp; Repair,"<h2>Leak Detection &amp; Professional Repair in Tampa, FL</h2>
<p>A hidden water leak is a silent threat to your home’s structural foundation, health, and monthly budget. If you suspect an active leak behind your walls, under your hardwood floors, or beneath your concrete slab, professional <strong>leak detection and repair</strong> is critical. Hot Water Heroes Plumbing combines cutting-edge diagnostic technology with rapid, permanent repair solutions to protect your home throughout the Greater Tampa Bay area.</p>

<!-- wp:paragraph -->
<p>We believe in finding leaks without tearing your home apart. Our certified technicians use advanced acoustic listening devices and thermal cameras to pinpoint leaks with pinpoint precision. Once located, we present you with clear, upfront flat-rate repair options and work seamlessly with insurance providers to keep your out-of-pocket costs minimal.</p>
<!-- /wp:paragraph -->

<!-- wp:separator -->
<hr class=""wp-block-separator has-alpha-channel-opacity""/>
<!-- /wp:separator -->

<!-- wp:heading -->
<h2 class=""wp-block-heading"">Why Tampa Homes Need Leak Detection</h2>
<!-- /wp:heading -->

<!-- wp:paragraph -->
<p>Tampa's geographical and architectural traits create significant risks for hidden plumbing leaks. Many homes across Hillsborough and Pinellas counties are built on concrete slabs over sandy soil. As this sandy bed shifts or settles, buried copper lines are subjected to friction and shear stress, leading to underground slab leaks. Because these leaks are buried under inches of concrete, they go unnoticed for months, quietly eroding the soil and forming sinkholes under the foundation before showing water signs inside the home.</p>
<!-- /wp:paragraph -->

<p>Common leak detection concerns in Tampa homes include:</p>
<!-- wp:list -->
<ul class=""wp-block-list"">
<!-- wp:list-item -->
<li>Shifting sand bed beneath slab foundations causing pipe friction and slab leaks.</li>
<!-- /wp:list-item -->
<!-- wp:list-item -->
<li>High local humidity accelerating structural wood rot around slow wall leaks.</li>
<!-- /wp:list-item -->
<li>Lime deposits in municipal water supply corroding pipe connections internally.</li>
<!-- /wp:list-item -->
<li>Unexplained sinkholes or soft spots forming in the yard above buried lines.</li>
<!-- /wp:list-item -->
<li>Peeling baseboards and mold growth inside wall cavities from slow drips.</li>
<!-- /wp:list-item -->
</ul>
<!-- /wp:list -->

<!-- wp:paragraph -->
<p>Using advanced non-invasive leak detection immediately isolates the problem, saving you from major structural failures, slab cracks, and extensive wall demolitions.</p>
<!-- /wp:paragraph -->

<!-- wp:separator -->
<hr class=""wp-block-separator has-alpha-channel-opacity""/>
<!-- /wp:separator -->

<!-- wp:heading -->
<h2 class=""wp-block-heading"">Types of Leak Detection Technologies We Use</h2>
<!-- /wp:heading -->

<!-- wp:paragraph -->
<p>We do not believe in destructive trial-and-error searching. Our certified, licensed plumbers utilize advanced non-invasive leak detection technology to locate the breach without damaging your home. Once we pinpoint the source, we present you with upfront flat-rate options for immediate repair:</p>
<!-- /wp:paragraph -->

<!-- wp:list -->
<ul class=""wp-block-list"">
<!-- wp:list-item -->
<li><strong>Infrared Thermal Imaging:</strong> Detecting temperature variances caused by hidden moisture behind walls and floors to track leaks to their origin.</li>
<!-- /wp:list-item -->
<!-- wp:list-item -->
<li><strong>Acoustic Listening Devices:</strong> Using specialized ground microphones to hear the high-frequency vibrations of water escaping from pressurized underground pipes.</li>
<!-- /wp:list-item -->
<li><strong>Digital Pressure Testing:</strong> Measuring pressure drops across plumbing zones to isolate the leaking line.</li>
<!-- /wp:list-item -->
<li><strong>Surgical Pipe Repair:</strong> Carefully accessing and repairing the compromised pipe section with highly durable materials, restoring full water pressure.</li>
<!-- /wp:list-item -->
</ul>
<!-- /wp:list -->

<!-- wp:paragraph -->
<p>Our non-invasive approach locates leaks within inches, reducing tear-out costs and ensuring a rapid, targeted repair.</p>
<!-- /wp:paragraph -->

<!-- wp:separator -->
<hr class=""wp-block-separator has-alpha-channel-opacity""/>
<!-- /wp:separator -->

<!-- wp:heading -->
<h2 class=""wp-block-heading"">Stopping Leaks and Restoring Homes as One Family</h2>
<!-- /wp:heading -->

<!-- wp:paragraph -->
<p>When a leak has caused structural moisture or mold, resolving the plumbing pipe is only the first step. Hot Water Heroes coordinates with our sister companies to provide a complete, worry-free home recovery from start to finish. We find and fix the leak with surgical precision.</p>
<!-- /wp:paragraph -->

<!-- wp:paragraph -->
<p>If water has soaked into your walls, cabinets, or flooring, **RestoWrx** deploys industrial-grade dehumidifiers and air movers to completely dry the space and eliminate mold risks. Finally, our general contracting partner **Spicola Construction** takes over to seamlessly patch drywall, repair flooring, and remodel the area back to its original beauty.</p>
<!-- /wp:paragraph -->

<!-- wp:separator -->
<hr class=""wp-block-separator has-alpha-channel-opacity""/>
<!-- /wp:separator -->

<!-- wp:heading -->
<h2 class=""wp-block-heading"">Leak Detection Costs in Tampa</h2>
<!-- /wp:heading -->

<!-- wp:paragraph -->
<p>The cost of professional leak detection in Tampa depends on the leak's complexity, home size, and whether slab or wall lines are targeted. Typical local price ranges include:</p>
<!-- /wp:paragraph -->

<!-- wp:list -->
<ul class=""wp-block-list"">
<!-- wp:list-item -->
<li>Standard non-invasive leak locating (walls/ceilings): $250 – $450</li>
<!-- /wp:list-item -->
<!-- wp:list-item -->
<li>Comprehensive concrete slab leak detection: $350 – $600</li>
<!-- /wp:list-item -->
<li>Targeted pipe repair: Estimated separately based on locating results</li>
<!-- /wp:list-item -->
</ul>
<!-- /wp:list -->

<!-- wp:paragraph -->
<p>These Tampa-area estimates include advanced acoustic and thermal diagnostics, pressure isolating, and a complete written report. If you have active water damage, we provide detailed insurance-compliant documentation to help secure coverage for the detection and restoration costs.</p>
<!-- /wp:paragraph -->

<!-- wp:separator -->
<hr class=""wp-block-separator has-alpha-channel-opacity""/>
<!-- /wp:separator -->

<!-- wp:heading -->
<h2 class=""wp-block-heading"">Our Leak Detection &amp; Repair Process</h2>
<!-- /wp:heading -->

<!-- wp:paragraph -->
<p>Professional leak detection from Hot Water Heroes follows a structured, scientific process designed to locate and repair leaks cleanly:</p>
<!-- /wp:paragraph -->

<!-- wp:list {""ordered"":true} -->
<ol class=""wp-block-list"">
<!-- wp:list-item -->
<li><strong>System Pressure Testing:</strong> We isolate your home's hot and cold water lines and test for pressure drops to identify which line is leaking.</li>
<!-- /wp:list-item -->
<li><strong>Thermal Scanning:</strong> We use infrared cameras to detect cold or warm temperature blooms behind drywall or concrete slabs, mapping moisture tracks.</li>
<!-- /wp:list-item -->
<li><strong>Acoustic Pinpointing:</strong> We apply ground microphones to the slab surface, amplifying and identifying the exact sound of water escaping the pipe underground.</li>
<!-- /wp:list-item -->
<li><strong>Transparent Repair Plan:</strong> We explain our findings and provide a flat-rate estimate to repair the line (via slab penetration or overhead bypass).</li>
<!-- /wp:list-item -->
<li><strong>Surgical Pipe Repair:</strong> We access the pipe cleanly, cut out the split section, and install durable, pressure-tested fittings.</li>
<!-- /wp:list-item -->
</ol>
<!-- /wp:list -->

<!-- wp:separator -->
<hr class=""wp-block-separator has-alpha-channel-opacity""/>
<!-- /wp:separator -->

<!-- wp:heading -->
<h2 class=""wp-block-heading"">When to Consider Leak Detection</h2>
<!-- /wp:heading -->

<!-- wp:paragraph -->
<p>Consider calling our professional team if your water meter dial keeps spinning even when all valves are closed, your hardwood floors have begun to warp or buckle, you notice warm areas on your concrete floor, or your water bill increases by 50% without reason. Finding hidden leaks early prevents structural foundation failures and structural black mold expansion, preserving your home's resale value.</p>
<!-- /wp:paragraph -->

<!-- wp:separator -->
<hr class=""wp-block-separator has-alpha-channel-opacity""/>
<!-- /wp:separator -->

<!-- wp:heading -->
<h2 class=""wp-block-heading"">Schedule Your Leak Detection Service</h2>
<!-- /wp:heading -->

<!-- wp:paragraph -->
<p>Ready to locate your leak? Hot Water Heroes Plumbing provides professional leak detection and repair services throughout Tampa, South Tampa, Brandon, Wesley Chapel, Clearwater, and St. Petersburg. Our licensed, insured professionals offer advanced technology, flat-rate pricing, and 24/7 same-day response.</p>
<!-- /wp:paragraph -->

<p>Call Hot Water Heroes today at 813-42-PLUMB to schedule your professional leak detection service. Surgical precision, honest findings, and complete home protection—that's our standard.</p>

<!-- wp:separator -->
<hr class=""wp-block-separator has-alpha-channel-opacity""/>
<!-- /wp:separator -->

<!-- wp:heading -->
<h2 class=""wp-block-heading"">Frequently Asked Questions</h2>
<!-- /wp:heading -->

<p><strong>Q: How do you locate a leak without cutting open my drywall?</strong><br/>
A: We use thermal imaging and acoustic ground microphones. Thermal cameras detect temperature anomalies caused by moisture behind walls without structural damage. Acoustic listening devices listen to the vibrations of escaping water, allowing us to pinpoint the leak before turning a single wrench.</p>

<p><strong>Q: Can home insurance cover the cost of leak detection?</strong><br/>
A: Yes, most homeowner's insurance policies cover the cost of professional leak detection (acoustic/thermal locating) and the restoration of walls/floors if the leak caused active water damage. We work directly with insurance adjusters, providing detailed reports and photos to make your claim process smooth.</p>

<p><strong>Q: What is the difference between simple pipe repair and slab leak detection?</strong><br/>
A: Simple pipe repair addresses visible or easily accessible leaks in your home's walls or cabinets. Slab leak detection requires specialized acoustic and pressure equipment to find leaks in lines buried beneath your concrete slab foundation, demanding specialized training and diagnostic precision.</p>

<p><strong>Q: How quickly can you locate and repair a slab leak?</strong><br/>
A: Our experienced technicians typically locate a slab leak within 1 to 3 hours of arrival. Once found, we can often perform a targeted repair or overhead pipe bypass within 1 business day, restoring your water service safely.</p>",
1669,Tankless Water Heater Repair,"<h2>Tankless Water Heater Repair Services in Tampa, FL</h2>
<p>Tankless water heaters are highly sophisticated, energy-efficient appliances that deliver endless hot water on demand. However, when mineral scale buildup, ignition failures, or sensor faults disrupt their operation, you need a specialist. Hot Water Heroes Plumbing provides high-end <strong>tankless water heater repair</strong> services across the Greater Tampa Bay area, utilizing factory-trained diagnostics to restore your endless hot water quickly.</p>

<!-- wp:paragraph -->
<p>Because tankless systems rely on complex computer boards, water flow sensors, and gas burners, issues present themselves differently than in traditional tank systems. Our licensed and insured tankless technicians carry advanced diagnostic tools and OEM replacement parts for major brands like Rinnai, Navien, Noritz, and Rheem, ensuring same-day repairs.</p>
<!-- /wp:paragraph -->

<!-- wp:separator -->
<hr class=""wp-block-separator has-alpha-channel-opacity""/>
<!-- /wp:separator -->

<!-- wp:heading -->
<h2 class=""wp-block-heading"">Why Tampa Homes Need Tankless Water Heater Repair</h2>
<!-- /wp:heading -->

<!-- wp:paragraph -->
<p>Tampa's municipal water carries heavy concentrations of calcium and limestone. Inside a tankless heater, water is flashed to high temperatures inside a narrow copper heat exchanger. This causes calcium scale to precipitate rapidly, building up a hard rock layer inside the narrow water channels. This scale acts as a thermal barrier, causing the burner to run longer and hotter, which leads to flow restrictions, system overheating, and cracked heat exchangers. Furthermore, electrical storms and power surges common in Tampa frequently damage advanced computer control boards.</p>
<!-- /wp:paragraph -->

<p>Common tankless water heater concerns in Tampa homes include:</p>
<!-- wp:list -->
<ul class=""wp-block-list"">
<!-- wp:list-item -->
<li>Calcium and mineral scale clogging the narrow copper heat exchanger channels.</li>
<!-- /wp:list-item -->
<!-- wp:list-item -->
<li>Electrical surges from Tampa storms blowing advanced motherboard circuits.</li>
<!-- /wp:list-item -->
<li>Flow sensors failing to detect water movement, preventing ignition.</li>
<!-- /wp:list-item -->
<li>Ignition faults or flame failures caused by dirty gas burners.</li>
<!-- /wp:list-item -->
<!-- wp:list-item -->
<li>""Cold water sandwich"" effect caused by flow sensor lags or scaled chambers.</li>
<!-- /wp:list-item -->
</ul>
<!-- /wp:list -->

<!-- wp:paragraph -->
<p>Addressing minor tankless warnings early completely prevents expensive heat exchanger fractures, venting blocks, and complete system shut-downs.</p>
<!-- /wp:paragraph -->

<!-- wp:separator -->
<hr class=""wp-block-separator has-alpha-channel-opacity""/>
<!-- /wp:separator -->

<!-- wp:heading -->
<h2 class=""wp-block-heading"">How Tankless Water Heater Repairs Are Diagnosed</h2>
<!-- /wp:heading -->

<!-- wp:paragraph -->
<p>We take a scientific approach to advanced tankless appliances. Our licensed technicians read system motherboard logs and diagnostic codes to locate the exact sensor or burner fault. We perform detailed diagnostics of gas pressures, electrical element resistance, and water flow rates before recommending the most reliable repair options.</p>
<!-- /wp:paragraph -->

<!-- wp:paragraph -->
<p>Whether your unit needs a descaling acid flush to clear lime buildup, replacement of a flame rod or water flow sensor, or a new control board, we provide upfront flat-rate options. Every repair is completed with premium, factory-certified parts to maintain your system's efficiency and safety.</p>
<!-- /wp:paragraph -->

<!-- wp:separator -->
<hr class=""wp-block-separator has-alpha-channel-opacity""/>
<!-- /wp:separator -->

<!-- wp:heading -->
<h2 class=""wp-block-heading"">How Tankless Repair Protects Your Home</h2>
<!-- /wp:heading -->

<!-- wp:paragraph -->
<p>Tankless water heaters combine high-voltage electricity, high-volume gas, and water pressure. A malfunctioning system can leak gas or water, or present electrical shock hazards. By choosing professional diagnostics, we verify all safety controls and gas venting lines, keeping your family safe.</p>
<!-- /wp:paragraph -->

<p>To prevent rapid recocking and scale failures, we highly recommend installing a modern **Water Filtration** or water softener system. Removing calcium from the water supply completely eliminates scaling inside the heat exchanger, extending your tankless unit's lifespan by up to 50% and protecting your investment.</p>

<!-- wp:separator -->
<hr class=""wp-block-separator has-alpha-channel-opacity""/>
<!-- /wp:separator -->

<!-- wp:heading -->
<h2 class=""wp-block-heading"">Understanding Tankless Water Heater Repair Costs</h2>
<!-- /wp:heading -->

<!-- wp:paragraph -->
<p>The cost of tankless water heater repair in Tampa depends on the parts required, efficiency rating, and age. Typical local price ranges include:</p>
<!-- /wp:paragraph -->

<!-- wp:list -->
<ul class=""wp-block-list"">
<!-- wp:list-item -->
<li>Specialized descale flush and deep cleaning: $150 – $250</li>
<!-- /wp:list-item -->
<!-- wp:list-item -->
<li>Flame rod or water flow sensor replacement: $250 – $450</li>
<!-- /wp:list-item -->
<li>Motherboard control panel or gas valve replacement: $400 – $750</li>
<!-- /wp:list-item -->
</ul>
<!-- /wp:list -->

<!-- wp:paragraph -->
<p>These Tampa-area estimates include diagnostic checks, factory-certified OEM parts, labor, and safety tests. We provide clear, written estimates before work begins. Compared to replacing a fractured heat exchanger (which can cost up to $1,500), regular flushing and timely sensor repairs represent massive savings.</p>
<!-- /wp:paragraph -->

<!-- wp:separator -->
<hr class=""wp-block-separator has-alpha-channel-opacity""/>
<!-- /wp:separator -->

<!-- wp:heading -->
<h2 class=""wp-block-heading"">Our Tankless Water Heater Repair Process</h2>
<!-- /wp:heading -->

<!-- wp:paragraph -->
<p>Professional tankless repair from Hot Water Heroes follows a thorough, factory-trained diagnostic and repair process:</p>
<!-- /wp:paragraph -->

<!-- wp:list {""ordered"":true} -->
<ol class=""wp-block-list"">
<!-- wp:list-item -->
<li><strong>Digital Diagnostic Audit:</strong> We read error codes from the computer control panel and verify gas and water flow sensor readings.</li>
<!-- /wp:list-item -->
<li><strong>Pressure &amp; Electricity Test:</strong> We test electrical voltage and gas inlet pressures using specialized digital gauges.</li>
<!-- /wp:list-item -->
<li><strong>Heat Exchanger Inspection:</strong> We check for calcium scale buildup inside the copper chambers, evaluating scale thickness.</li>
<!-- /wp:list-item -->
<li><strong>Descaling Flush:</strong> If scale is detected, we flush the heat exchanger with a food-grade solution for 45+ minutes to restore full water pathways.</li>
<!-- /wp:list-item -->
<li><strong>Combustion Verification:</strong> We replace any faulty flame rods, sensors, or motherboards, and test the combustion exhaust for maximum safety.</li>
<!-- /wp:list-item -->
</ol>
<!-- /wp:list -->

<!-- wp:separator -->
<hr class=""wp-block-separator has-alpha-channel-opacity""/>
<!-- /wp:separator -->

<!-- wp:heading -->
<h2 class=""wp-block-heading"">When to Consider Tankless Repair</h2>
<!-- /wp:heading -->

<!-- wp:paragraph -->
<p>Consider calling our professional team if your tankless unit displays an error code on the control panel, water pressure drops significantly when hot taps are opened, your water heater shuts off during showers, or your hot water takes longer than 60 seconds to reach temperature. Tampa homeowners who flush their tankless units annually and replace rods quickly double their system's reliable life.</p>
<!-- /wp:paragraph -->

<!-- wp:separator -->
<hr class=""wp-block-separator has-alpha-channel-opacity""/>
<!-- /wp:separator -->

<!-- wp:heading -->
<h2 class=""wp-block-heading"">Schedule Your Same-Day Tankless Repair</h2>
<!-- /wp:heading -->

<!-- wp:paragraph -->
<p>Struggling with cold showers and error codes? Hot Water Heroes Plumbing provides expert tankless water heater repair throughout Tampa, South Tampa, Brandon, Wesley Chapel, Clearwater, and St. Petersburg. Our licensed, insured specialists offer factory-trained diagnostics, upfront pricing, and same-day service.</p>
<!-- /wp:paragraph -->

<p>Call Hot Water Heroes today at 813-42-PLUMB to schedule your tankless repair. Factory-grade service, endless hot water, and honest pricing—that's our standard.</p>

<!-- wp:separator -->
<hr class=""wp-block-separator has-alpha-channel-opacity""/>
<!-- /wp:separator -->

<!-- wp:heading -->
<h2 class=""wp-block-heading"">Frequently Asked Questions</h2>
<!-- /wp:heading -->

<p><strong>Q: Why is my tankless water heater displaying an error code?</strong><br/>
A: Tankless heaters are highly advanced and use error codes to indicate specific faults. Common codes signify ignition failure (Code 11/12), venting blockages (Code 90), or severe scale buildup in the heat exchanger (Code LC/00). We decode these logs to locate and resolve the exact issue quickly.</p>

<p><strong>Q: How often does a tankless water heater need to be flushed in Tampa?</strong><br/>
A: Because Tampa's municipal water has high calcium hardness, we recommend having your tankless system professionally flushed once every 12 months. If your home has a **Water Filtration** or water softener system installed, you can safely extend this flush schedule to once every 24 to 36 months.</p>

<p><strong>Q: What is the ""cold water sandwich"" effect?</strong><br/>
A: This occurs when you turn on a hot tap, receive hot water, followed by a brief burst of cold water, then hot water again. It is caused by scale buildup on the water flow sensor or ignition delay lags. We diagnose flow sensors and flush scale to eliminate this issue.</p>

<p><strong>Q: Can you repair electric tankless water heaters?</strong><br/>
A: Yes. We repair all types of tankless water heaters, including gas and electric systems. For electric tankless units, we test the high-amperage heating chambers, solid-state relays, and flow switches, replacing any failed parts on the spot.</p>",
1670,Water Heater Maintenance,"<h2>Water Heater Maintenance &amp; Flushing in Tampa, FL</h2>
<p>Routine <strong>water heater maintenance</strong> is the single most effective way to protect your investment, ensure consistent hot water, and lower your monthly energy bills. Over time, hard Florida water deposits calcium and sediment inside your water heater, reducing its heating efficiency and causing premature tank failure. Hot Water Heroes Plumbing provides high-end water heater maintenance services across the Greater Tampa Bay area.</p>

<!-- wp:paragraph -->
<p>Our licensed and insured plumbing specialists perform comprehensive multi-point maintenance services on standard electric tanks, gas tanks, and tankless units. We flush out abrasive sediment, test safety relief valves, inspect sacrificial anode rods, and evaluate electrical/gas connections, keeping your system safe and efficient.</p>
<!-- /wp:paragraph -->

<!-- wp:separator -->
<hr class=""wp-block-separator has-alpha-channel-opacity""/>
<!-- /wp:separator -->

<!-- wp:heading -->
<h2 class=""wp-block-heading"">Why Regular Water Heater Maintenance Matters</h2>
<!-- /wp:heading -->

<!-- wp:paragraph -->
<p>Tampa's water supply carries extreme amounts of dissolved calcium and magnesium. Inside a water heater tank, these minerals settle and harden into a dense sediment layer at the bottom of the tank. This layer acts as a thick insulation barrier. In gas water heaters, it traps heat, overheating the steel tank and causing it to crack. In electric heaters, it completely covers the lower heating element, causing it to run hotter and burn out within a few years. Furthermore, ignoring anode rod decay leads to rapid tank interior rusting.</p>
<!-- /wp:paragraph -->

<p>Investing in annual water heater maintenance provides massive benefits:</p>
<!-- wp:list -->
<ul class=""wp-block-list"">
<!-- wp:list-item -->
<li>Doubles your water heater's reliable lifespan (extending tank life up to 12-15 years).</li>
<!-- /wp:list-item -->
<!-- wp:list-item -->
<li>Restores original heating speed and keeps hot water running longer.</li>
<!-- /wp:list-item -->
<li>Reduces monthly electricity or gas energy consumption by up to 15%.</li>
<!-- /wp:list-item -->
<li>Prevents sudden heating element burnouts and unexpected cold showers.</li>
<!-- /wp:list-item -->
<li>Keeps manufacturer warranties active (most brands require documented annual maintenance).</li>
<!-- /wp:list-item -->
</ul>
<!-- /wp:list -->

<!-- wp:separator -->
<hr class=""wp-block-separator has-alpha-channel-opacity""/>
<!-- /wp:separator -->

<!-- wp:heading -->
<h2 class=""wp-block-heading"">What’s Included in Professional Water Heater Maintenance</h2>
<!-- /wp:heading -->

<!-- wp:paragraph -->
<p>We do not perform simple ""drain-and-dash"" flushes. We run a comprehensive multi-point check to optimize your system's safety and efficiency. Our service includes:</p>
<!-- /wp:paragraph -->

<!-- wp:list -->
<ul class=""wp-block-list"">
<!-- wp:list-item -->
<li><strong>Deep Hydro-Flush:</strong> Draining the tank and flushing it with clean, pressurized water to break up and wash away all calcium sediment.</li>
<!-- /wp:list-item -->
<!-- wp:list-item -->
<li><strong>Anode Rod Check:</strong> Extracting and inspecting the sacrificial anode rod—which sacrifices itself to prevent the tank from rusting—and replacing it if spent.</li>
<!-- /wp:list-item -->
<li><strong>Safety Valve Test:</strong> Testing the Temperature &amp; Pressure (T&amp;P) relief valve to make sure it opens and closes cleanly.</li>
<!-- /wp:list-item -->
<li><strong>Electrical &amp; Gas Safety Audits:</strong> Testing element heating resistance, thermostat settings, gas burner combustion, and checking venting paths.</li>
<!-- /wp:list-item -->
</ul>
<!-- /wp:list -->

<!-- wp:paragraph -->
<p>Every maintenance service is documented, providing you with a clean record for warranty verification.</p>
<!-- /wp:paragraph -->

<!-- wp:separator -->
<hr class=""wp-block-separator has-alpha-channel-opacity""/>
<!-- /wp:separator -->

<!-- wp:heading -->
<h2 class=""wp-block-heading"">How Maintenance Protects Your Plumbing</h2>
<!-- /wp:heading -->

<!-- wp:paragraph -->
<p>Water heaters are under constant high pressure. If the safety T&amp;P valve is stuck closed by calcium scale, expanding water cannot escape, placing extreme structural stress on your pipes. Our professional testing ensures all safety controls are working, directly protecting your PEX and copper lines from pressure bursts.</p>
<!-- /wp:paragraph -->

<p>For homes already experiencing plumbing issues from hard water scale, we recommend combining your annual flush with professional **Drain Cleaning** to clear mineral scale from your wastewater lines and restore full water pressure throughout your home.</p>

<!-- wp:separator -->
<hr class=""wp-block-separator has-alpha-channel-opacity""/>
<!-- /wp:separator -->

<!-- wp:heading -->
<h2 class=""wp-block-heading"">Water Heater Maintenance Costs and Frequency</h2>
<!-- /wp:heading -->

<!-- wp:paragraph -->
<p>Water heater maintenance is one of the most affordable plumbing services available, representing a high-yield investment. Typical local price ranges include:</p>
<!-- /wp:paragraph -->

<!-- wp:list -->
<ul class=""wp-block-list"">
<!-- wp:list-item -->
<li>Standard tank water flush &amp; safety inspection: $99 – $150</li>
<!-- /wp:list-item -->
<!-- wp:list-item -->
<li>Annual tankless descaling flush &amp; system cleaning: $149 – $220</li>
<!-- /wp:list-item -->
<li>Premium anode rod replacement &amp; full flush: $220 – $350</li>
<!-- /wp:list-item -->
</ul>
<!-- /wp:list -->

<!-- wp:paragraph -->
<p>These flat-rate estimates include all professional flushing equipment, safety tests, labor, and a clear maintenance report. We recommend having your water heater professionally flushed **once every 12 months** to keep scale accumulation under control.</p>
<!-- /wp:paragraph -->

<!-- wp:separator -->
<hr class=""wp-block-separator has-alpha-channel-opacity""/>
<!-- /wp:separator -->

<!-- wp:heading -->
<h2 class=""wp-block-heading"">Our Water Heater Maintenance Process</h2>
<!-- /wp:heading -->

<!-- wp:paragraph -->
<p>Professional water heater flushing from Hot Water Heroes follows a structured, safe process designed to wash away sediment cleanly:</p>
<!-- /wp:paragraph -->

<!-- wp:list {""ordered"":true} -->
<ol class=""wp-block-list"">
<!-- wp:list-item -->
<li><strong>System Assessment:</strong> We check current water temperatures and inspect the tank exterior for signs of rust or leak damage.</li>
<!-- /wp:list-item -->
<li><strong>Safe Shut-Down:</strong> We shut off the electrical breakers or close the gas control valve and shut the cold water supply valve.</li>
<!-- /wp:list-item -->
<li><strong>Deep Hydro-Flush:</strong> We connect a high-temperature hose to the drain valve and flush pressurized cold water through the tank, breaking up and washing out sediment.</li>
<!-- /wp:list-item -->
<li><strong>Anode Rod &amp; Safety Test:</strong> We extract the anode rod to evaluate wear and verify the T&amp;P safety relief valve is operating cleanly.</li>
<!-- /wp:list-item -->
<li><strong>System Power-Up &amp; Safety Check:</strong> We refill the tank, restore power/gas, verify electrical element currents, check temperature settings, and ensure the system is optimized.</li>
<!-- /wp:list-item -->
</ol>
<!-- /wp:list -->

<!-- wp:separator -->
<hr class=""wp-block-separator has-alpha-channel-opacity""/>
<!-- /wp:separator -->

<!-- wp:heading -->
<h2 class=""wp-block-heading"">When to Consider Water Heater Maintenance</h2>
<!-- /wp:heading -->

<!-- wp:paragraph -->
<p>Consider scheduling a professional flush if you hear popping or rumbling sounds from your tank, your water heater runs out of hot water in under 10 minutes, your water takes longer to heat up, or your hot taps release slightly discolored water. Proactive annual flushing completely eliminates sediment, preventing major leaks and keeping your utility bills low.</p>
<!-- /wp:paragraph -->

<!-- wp:separator -->
<hr class=""wp-block-separator has-alpha-channel-opacity""/>
<!-- /wp:separator -->

<!-- wp:heading -->
<h2 class=""wp-block-heading"">Schedule Your Water Heater Flushing Service</h2>
<!-- /wp:heading -->

<!-- wp:paragraph -->
<p>Want to protect your water heater and keep energy bills low? Hot Water Heroes Plumbing provides professional water heater maintenance throughout Tampa, Brandon, Wesley Chapel, Clearwater, and St. Petersburg. Our licensed professionals offer honest inspections, upfront flat-rate pricing, and convenient same-day bookings.</p>
<!-- /wp:paragraph -->

<p>Call Hot Water Heroes today at 813-42-PLUMB to schedule your annual flush and keep your hot water system running strong. Long tank lifespans, low utility bills, and worry-free hot water—that's what we deliver.</p>

<!-- wp:separator -->
<hr class=""wp-block-separator has-alpha-channel-opacity""/>
<!-- /wp:separator -->

<!-- wp:heading -->
<h2 class=""wp-block-heading"">Frequently Asked Questions</h2>
<!-- /wp:heading -->

<p><strong>Q: How often should my water heater be professionally flushed in Tampa?</strong><br/>
A: Because Tampa's municipal water has high calcium hardness, we strongly recommend a professional water flush once every 12 months. This completely prevents calcium scale from solidifying and burning out elements.</p>

<p><strong>Q: Can I flush my water heater tank myself?</strong><br/>
A: While possible, home flushes often fail to remove solidified sediment because they lack the high-pressure purging tools professionals use. Furthermore, home flushes can lead to leaking drain valves if sediment gets stuck in the valve seat, or cause heating elements to burn out if the unit is powered up before the tank is completely full.</p>

<p><strong>Q: What is a sacrificial anode rod and why does it need checking?</strong><br/>
A: An anode rod is a magnesium or aluminum rod inside the tank. It is designed to corrode in place of the steel tank, attracting corrosive elements. If the rod degrades completely (typically inside 3 to 4 years in Tampa), corrosive elements will attack the steel tank, leading to rapid rusting and tank failure. We check and replace anode rods to protect the tank structure.</p>

<p><strong>Q: Will my water softener affect how often I maintain my water heater?</strong><br/>
A: Yes—softened water removes calcium, preventing scale buildup on elements and tanks. However, softened water slightly increases the decay rate of the sacrificial anode rod. Therefore, while flushing can be done once every 24 months in softened homes, the anode rod should still be checked every 2 years to prevent tank corrosion.</p>",
3061,Water Filtration,"<h2>Water Filtration Services in Tampa, FL</h2>

<p>Tampa's municipal water supply is safe to drink, but that doesn't mean it's free of issues. Hard water minerals, chlorine taste, sediment, and trace contaminants are common concerns across Hillsborough County. Professional <strong>water filtration Tampa</strong> services from Hot Water Heroes Plumbing help homeowners enjoy cleaner, better-tasting water while protecting their plumbing and appliances from mineral damage.</p>

<p>Whether you're dealing with hard water scale, unpleasant taste or odor, or want an extra layer of protection for your family, a properly sized and installed filtration system makes a measurable difference in water quality and appliance longevity.</p>

<hr />

<h2><strong>Why Tampa Homes Need Water Filtration</strong></h2>

<p>Tampa Bay's water is known for high mineral content — calcium and magnesium levels that cause hard water buildup throughout your plumbing system. This mineral-rich water leaves white scale on fixtures, clogs water heater elements, reduces soap efficiency, and shortens the lifespan of dishwashers and washing machines. Coastal salt air compounds the problem by accelerating corrosion on exposed plumbing components.</p>

<p>Common water quality concerns in Tampa homes include:</p>

<ul>
<li>Hard water deposits causing scale buildup in pipes and on fixtures</li>
<li>Chlorine taste and odor from municipal water treatment</li>
<li>Sediment and particulates from aging water infrastructure</li>
<li>Iron and manganese causing rust-colored staining on sinks and laundry</li>
<li>Concern about lead, PFAS, or other trace contaminants in older neighborhoods</li>
</ul>

<p>Addressing these issues with a professional filtration system protects your family's health, extends the life of your plumbing and appliances, and improves the taste and clarity of every tap in your home.</p>

<hr />

<h2><strong>Types of Water Filtration Systems We Install</strong></h2>

<p>Not every home needs the same solution. Our licensed technicians evaluate your water quality, household size, and plumbing configuration to recommend the right system. We install and service the following types of <strong>water filtration systems in Tampa</strong>:</p>

<ul>
<li><strong>Whole-house water filters:</strong> Installed at the main water line to filter every tap, shower, and appliance in your home. Removes sediment, chlorine, and particulates before water enters your plumbing.</li>
<li><strong>Water softeners:</strong> Ion-exchange systems that remove calcium and magnesium to eliminate hard water scale. Essential for protecting water heaters, dishwashers, and fixtures in Tampa's hard water areas.</li>
<li><strong>Reverse osmosis (RO) systems:</strong> Point-of-use systems typically installed under the kitchen sink for high-purity drinking water. Removes up to 99% of dissolved contaminants including lead, fluoride, and PFAS.</li>
<li><strong>Carbon filtration systems:</strong> Effective for removing chlorine taste and odor, organic compounds, and improving overall water taste throughout your home.</li>
<li><strong>UV water purification:</strong> Uses ultraviolet light to kill bacteria and viruses without chemicals. Ideal as a supplemental system for homes with well water or additional safety concerns.</li>
</ul>

<p>Each system is sized to match your household's water usage and installed with proper bypass valves and connections for easy maintenance.</p>

<hr />

<h2><strong>How Water Filtration Protects Your Plumbing</strong></h2>

<p>Water filtration isn't just about drinking water — it's about protecting your entire plumbing system. In Tampa, hard water is the number one cause of premature water heater failure, clogged fixtures, and reduced appliance efficiency. A properly installed water softener or whole-house filter directly extends the life of your plumbing investment.</p>

<p>Homes with water filtration systems typically experience fewer calls for <strong>Water Heater Repair</strong> and <strong>Pipe Repair</strong> because mineral buildup is dramatically reduced. Scale-free pipes maintain better water pressure, heating elements last longer, and fixtures stay cleaner with less maintenance.</p>

<p>For homes already experiencing hard water damage, we may recommend combining filtration installation with <strong>Drain Cleaning</strong> or <strong>Water Heater Maintenance</strong> to remove existing buildup and maximize the benefit of the new system.</p>

<hr />

<h2><strong>Water Filtration Costs in Tampa</strong></h2>

<p>The cost of <strong>water filtration Tampa</strong> homeowners experience depends on the type of system, home size, and installation complexity. Typical local price ranges include:</p>

<ul>
<li><strong>Whole-house carbon filter:</strong> $800–$2,000 installed</li>
<li><strong>Water softener system:</strong> $1,200–$3,500 installed, depending on capacity and brand</li>
<li><strong>Reverse osmosis (under-sink):</strong> $300–$800 installed</li>
<li><strong>Whole-house combination systems (softener + filter):</strong> $2,000–$5,000 installed</li>
</ul>

<p>These Tampa-area estimates include equipment, installation labor, and basic plumbing connections. Homes with older plumbing, non-standard pipe sizes, or well water may require additional work. We provide clear, written estimates before any work begins so you can make an informed decision.</p>

<p>Compared to the ongoing cost of replacing scale-damaged water heaters, corroded fixtures, and higher energy bills from mineral-clogged systems, water filtration typically pays for itself within 2–4 years for most Tampa homeowners.</p>

<hr />

<h2><strong>Our Water Filtration Process</strong></h2>

<p>Professional water filtration installation from Hot Water Heroes follows a straightforward process designed for lasting results:</p>

<ol>
<li><strong>Water Quality Assessment:</strong> We test your water for hardness, chlorine, sediment, pH, and other relevant factors to determine exactly what needs to be filtered.</li>
<li><strong>System Recommendation:</strong> Based on your water quality, household size, budget, and goals, we recommend the right system — not the most expensive one.</li>
<li><strong>Professional Installation:</strong> Licensed technicians install the system with proper connections, bypass valves, and drainage. Everything meets local plumbing codes.</li>
<li><strong>Testing &amp; Walkthrough:</strong> After installation, we test water quality to confirm the system is working correctly and walk you through basic maintenance and filter replacement schedules.</li>
</ol>

<p>Our technicians are licensed and insured, and we provide transparent pricing with no hidden fees. Every installation includes a clear maintenance schedule so you know exactly when filters need changing.</p>

<hr />

<h2><strong>When to Consider Water Filtration</strong></h2>

<p>Consider water filtration if you notice white scale on fixtures and shower doors, soap that doesn't lather well, dry skin and hair after showering, a chlorine smell from tap water, or if you're installing a new water heater and want to protect the investment. Tampa homeowners who install filtration before or alongside a new <strong>Water Heater Installation</strong> often see the best long-term value, as the softened water dramatically extends system lifespan.</p>

<hr />

<h2><strong>Schedule Your Free Water Quality Assessment</strong></h2>

<p>Ready to improve your home's water quality? Hot Water Heroes Plumbing offers professional water filtration installation throughout Tampa and the greater Tampa Bay area. Our licensed, insured technicians provide honest recommendations, clear pricing, and same-day consultations when available.</p>

<p>Call Hot Water Heroes today at <strong>813-42-PLUMB</strong> for a water quality assessment and find out which filtration system is right for your home. Cleaner water, protected plumbing, and better-tasting water from every tap — that's what we deliver.</p>

<h2>Frequently Asked Questions</h2>

<p><strong>Q: Do I need a water softener if I have city water in Tampa?</strong><br/>A: Yes — Tampa's municipal water is hard (averaging 15–20 grains per gallon in many areas). A softener prevents scale damage to water heaters, pipes, and appliances.</p>

<p><strong>Q: How often do water filters need to be replaced?</strong><br/>A: Most whole-house filters need replacement every 3–6 months. Softener resin lasts 10–15 years. RO membranes last 2–3 years. We provide a maintenance schedule with every installation.</p>

<p><strong>Q: Will a water softener affect my water heater?</strong><br/>A: Positively — softened water reduces scale buildup on heating elements and inside tanks, extending water heater lifespan by 2–4 years on average.</p>

<p><strong>Q: Can you install a filtration system on an older Tampa home?</strong><br/>A: Yes. We work with all pipe types and configurations. Older homes may need minor plumbing adjustments, which we include in our upfront estimate.</p>

<p><strong>Q: Do you offer same-day installation?</strong><br/>A: We offer same-day consultations and can often complete installation within 1–2 business days depending on system type and parts availability.</p>

<script type=""application/ld+json"">{""@context"":""https://schema.org"",""@type"":""FAQPage"",""mainEntity"":[{""@type"":""Question"",""name"":""Do I need a water softener if I have city water in Tampa?"",""acceptedAnswer"":{""@type"":""Answer"",""text"":""Yes — Tampa's municipal water is hard, averaging 15–20 grains per gallon in many areas. A softener prevents scale damage to water heaters, pipes, and appliances.""}},{""@type"":""Question"",""name"":""How often do water filters need to be replaced?"",""acceptedAnswer"":{""@type"":""Answer"",""text"":""Most whole-house filters need replacement every 3–6 months. Softener resin lasts 10–15 years. RO membranes last 2–3 years.""}},{""@type"":""Question"",""name"":""Will a water softener affect my water heater?"",""acceptedAnswer"":{""@type"":""Answer"",""text"":""Positively — softened water reduces scale buildup on heating elements and inside tanks, extending water heater lifespan by 2–4 years on average.""}},{""@type"":""Question"",""name"":""Can you install a filtration system on an older Tampa home?"",""acceptedAnswer"":{""@type"":""Answer"",""text"":""Yes. We work with all pipe types and configurations. Older homes may need minor plumbing adjustments, included in our upfront estimate.""}},{""@type"":""Question"",""name"":""Do you offer same-day installation?"",""acceptedAnswer"":{""@type"":""Answer"",""text"":""We offer same-day consultations and can often complete installation within 1–2 business days depending on system type and parts availability.""}}]}</script>",
